show_id,type,title,director,cast,country,date_added,release_year,rating,duration,listed_in,description
s1,Movie,The Silent Storm,Guillermo del Toro,Shah Rukh Khan,Mexico,"February 11, 2021",1995,TV-14,74 min,Action & Adventure,"When an unexpected event turns their life upside down, an unlikely hero must step up."
s2,Movie,The Forgotten Empire,Takashi Miike,Lupita Nyong'o,Germany,"January 14, 2020",2007,PG-13,167 min,International TV Shows,"An in-depth exploration of human emotions, secrets, and the choices that define us."
s3,Movie,The Secret Whisper,Quentin Tarantino,,France,"October 08, 2021",2006,PG-13,163 min,"Romantic TV Shows, Documentaries","In a race against time, a dedicated team unravels a mystery that threatens everything."
s4,Movie,The Wild Symphony,David Fincher,"Tom Hanks, Lupita Nyong'o, Denzel Washington, Meryl Streep",Italy,"November 23, 2015",2004,R,118 min,"Anime Series, TV Comedies","When an unexpected event turns their life upside down, an unlikely hero must step up."
s5,Movie,The Secret Storm,,,United Kingdom,"September 29, 2017",2000,TV-PG,118 min,"Romantic TV Shows, Horror Movies",Dark forces emerge as secrets long buried finally come to light in this thrilling drama.
s6,Movie,The Dark Legacy,Steven Spielberg,"Song Kang-ho, Mahershala Ali",Australia,"July 12, 2018",2003,TV-PG,120 min,"Anime Series, International Movies, Sci-Fi & Fantasy","When an unexpected event turns their life upside down, an unlikely hero must step up."
s7,Movie,The Sacred Mirage,Spike Lee,"Gong Yoo, Daniel Kaluuya, Song Kang-ho, Margot Robbie",United Kingdom,"January 08, 2016",1993,R,89 min,"Thrillers, International TV Shows, Action & Adventure","In a race against time, a dedicated team unravels a mystery that threatens everything."
s8,Movie,The Frozen Kingdom,Spike Lee,"Leonardo DiCaprio, Dev Patel, Pedro Pascal, Viola Davis",Germany,"August 15, 2023",2011,R,107 min,"Thrillers, Anime Series",A compelling narrative following characters as they navigate challenges in a changing world.
s9,TV Show,The Endless Kingdom,Anurag Kashyap,,Japan,"September 10, 2020",2002,TV-14,3 Seasons,Romantic TV Shows,"A humorous and insightful look into modern relationships, career ambitions, and daily life."
s10,TV Show,The Silent Symphony,,,France,"April 29, 2024",2009,TV-14,1 Season,TV Action & Adventure,A compelling narrative following characters as they navigate challenges in a changing world.
s11,Movie,The Rising Journey,Takashi Miike,Shah Rukh Khan,Germany,"December 01, 2020",2017,G,139 min,"Romantic Movies, Children & Family Movies, Crime TV Shows",Dark forces emerge as secrets long buried finally come to light in this thrilling drama.
s12,Movie,The Frozen Kingdom,Pedro Almodóvar,,India,"August 06, 2021",2004,G,70 min,Comedies,"When an unexpected event turns their life upside down, an unlikely hero must step up."
s13,Movie,The Dark Whisper,Martin Scorsese,"Scarlett Johansson, Mahershala Ali, Dev Patel, Javier Bardem",United Kingdom,"November 23, 2024",2020,G,170 min,"International TV Shows, Romantic Movies",A compelling narrative following characters as they navigate challenges in a changing world.
s14,Movie,The Velvet Valley,Alfonso Cuarón,"Penélope Cruz, Pedro Pascal, Meryl Streep",Mexico,"July 08, 2019",2011,R,101 min,Romantic Movies,"A heartwarming story of friendship, love, and perseverance across generations."
s15,Movie,The Velvet Horizon,Spike Lee,"Scarlett Johansson, Denzel Washington, Penélope Cruz",Germany,"April 25, 2022",2024,PG-13,81 min,Thrillers,"In a race against time, a dedicated team unravels a mystery that threatens everything."
s16,Movie,The Secret Dream,Steven Spielberg,Song Kang-ho,,"October 17, 2023",2019,NC-17,124 min,"Romantic TV Shows, Docuseries, International Movies","When an unexpected event turns their life upside down, an unlikely hero must step up."
s17,Movie,The Dark Frontier,Takashi Miike,,United States,"May 06, 2020",2022,PG,77 min,"Action & Adventure, Thrillers, TV Action & Adventure","A heartwarming story of friendship, love, and perseverance across generations."
s18,Movie,The Broken Dream,Quentin Tarantino,"Scarlett Johansson, Daniel Kaluuya, Cillian Murphy, Meryl Streep",South Korea,"May 04, 2021",2023,TV-MA,103 min,TV Dramas,"When an unexpected event turns their life upside down, an unlikely hero must step up."
s19,Movie,The Hidden Truth,Pedro Almodóvar,"Zendaya, Denzel Washington",,"April 25, 2021",1996,R,138 min,Reality TV,"An in-depth exploration of human emotions, secrets, and the choices that define us."
s20,Movie,The Crimson Journey,Guillermo del Toro,"Florence Pugh, Priyanka Chopra",Germany,"November 10, 2021",2023,PG-13,155 min,"Children & Family Movies, Documentaries, International Movies","An in-depth exploration of human emotions, secrets, and the choices that define us."
s21,Movie,The Lost Mirage,Greta Gerwig,"Florence Pugh, Cillian Murphy",France,"February 10, 2022",2006,TV-PG,102 min,Action & Adventure,Dark forces emerge as secrets long buried finally come to light in this thrilling drama.
s22,Movie,The Endless Echo,Christopher Nolan,"Zendaya, Shah Rukh Khan",Japan,"December 15, 2019",2017,PG-13,84 min,International Movies,"A heartwarming story of friendship, love, and perseverance across generations."
s23,Movie,The Crimson Frontier,Takashi Miike,Gong Yoo,Japan,"December 05, 2023",1992,TV-MA,96 min,"Horror Movies, Documentaries, TV Comedies","A humorous and insightful look into modern relationships, career ambitions, and daily life."
s24,Movie,The Velvet Symphony,Greta Gerwig,Priyanka Chopra,Italy,"August 16, 2019",1991,PG,164 min,"International TV Shows, Horror Movies","An in-depth exploration of human emotions, secrets, and the choices that define us."
s25,Movie,The Lost Dream,Steven Spielberg,"Scarlett Johansson, Tom Hanks, Penélope Cruz",Italy,"July 02, 2017",1991,G,121 min,"Sci-Fi & Fantasy, Action & Adventure","A humorous and insightful look into modern relationships, career ambitions, and daily life."
s26,Movie,The Fallen Dream,,"Timothée Chalamet, Leonardo DiCaprio, Viola Davis, Mahershala Ali",Japan,"September 09, 2021",2017,TV-MA,163 min,"International TV Shows, Reality TV",A compelling narrative following characters as they navigate challenges in a changing world.
s27,Movie,The Infinite Heart,Spike Lee,,United States,"January 17, 2024",2024,G,116 min,"Action & Adventure, TV Dramas","A heartwarming story of friendship, love, and perseverance across generations."
s28,Movie,The Lost Truth,Anurag Kashyap,"Dev Patel, Gong Yoo",Brazil,"June 05, 2016",2002,TV-14,155 min,"Thrillers, Children & Family Movies","In a race against time, a dedicated team unravels a mystery that threatens everything."
s29,Movie,The Silent Truth,Ridley Scott,Gong Yoo,Australia,"March 19, 2020",2018,TV-PG,156 min,Reality TV,"In a race against time, a dedicated team unravels a mystery that threatens everything."
s30,TV Show,The Eternal Journey,,"Timothée Chalamet, Denzel Washington, Zendaya, Scarlett Johansson",Canada,"August 26, 2016",1991,TV-MA,2 Seasons,"Action & Adventure, Anime Series","In a race against time, a dedicated team unravels a mystery that threatens everything."
s31,TV Show,The Infinite Heart,James Cameron,"Song Kang-ho, Scarlett Johansson, Shah Rukh Khan",United States,"August 25, 2024",1996,TV-Y7,2 Seasons,Reality TV,"In a race against time, a dedicated team unravels a mystery that threatens everything."
s32,Movie,The Broken Promise,Pedro Almodóvar,Penélope Cruz,Germany,"June 21, 2023",2018,TV-14,176 min,"Anime Series, Thrillers, Docuseries","In a race against time, a dedicated team unravels a mystery that threatens everything."
s33,Movie,The Broken Storm,Anurag Kashyap,"Ana de Armas, Scarlett Johansson, Mahershala Ali",Brazil,"January 17, 2018",2011,TV-MA,139 min,International Movies,"When an unexpected event turns their life upside down, an unlikely hero must step up."
s34,Movie,The Hidden Heart,Martin Scorsese,"Gong Yoo, Timothée Chalamet, Omar Sy",United States,"September 17, 2019",2014,PG-13,179 min,"Crime TV Shows, Docuseries, Dramas","An in-depth exploration of human emotions, secrets, and the choices that define us."
s35,Movie,The Midnight Shadow,Takashi Miike,"Cillian Murphy, Scarlett Johansson, Javier Bardem, Mahershala Ali",United States,"July 02, 2022",2015,PG,177 min,"International Movies, Romantic TV Shows",A compelling narrative following characters as they navigate challenges in a changing world.
s36,TV Show,The Infinite Frontier,Martin Scorsese,"Shah Rukh Khan, Penélope Cruz, Priyanka Chopra",South Korea,"February 06, 2020",2010,TV-PG,4 Seasons,"International TV Shows, Sci-Fi & Fantasy","A humorous and insightful look into modern relationships, career ambitions, and daily life."
s37,Movie,The Silent Mirage,Steven Spielberg,"Scarlett Johansson, Ana de Armas",Mexico,"May 08, 2015",2005,G,177 min,International Movies,"When an unexpected event turns their life upside down, an unlikely hero must step up."
s38,Movie,The Lost Frontier,Bong Joon-ho,"Lupita Nyong'o, Mahershala Ali, Zendaya",Australia,"May 22, 2023",1997,PG,109 min,TV Action & Adventure,A compelling narrative following characters as they navigate challenges in a changing world.
s39,TV Show,The Infinite Dream,,Denzel Washington,Mexico,"October 26, 2022",2009,TV-G,5 Seasons,TV Action & Adventure,"A humorous and insightful look into modern relationships, career ambitions, and daily life."
s40,Movie,The Sacred Shadow,,"Denzel Washington, Marion Cotillard",United States,"March 22, 2024",2021,R,125 min,"Anime Series, International Movies","In a race against time, a dedicated team unravels a mystery that threatens everything."
s41,Movie,The Fallen Storm,Taika Waititi,"Zendaya, Javier Bardem, Penélope Cruz, Gong Yoo",Australia,"July 20, 2024",2005,R,105 min,"Horror Movies, Anime Series","A heartwarming story of friendship, love, and perseverance across generations."
s42,Movie,The Midnight Whisper,Christopher Nolan,"Timothée Chalamet, Priyanka Chopra, Javier Bardem",Italy,"February 19, 2018",2007,PG-13,136 min,Action & Adventure,"When an unexpected event turns their life upside down, an unlikely hero must step up."
s43,TV Show,The Rising Mirage,,"Ana de Armas, Lupita Nyong'o, Javier Bardem",United States,"June 26, 2017",2015,TV-G,2 Seasons,"TV Action & Adventure, TV Comedies","In a race against time, a dedicated team unravels a mystery that threatens everything."
s44,Movie,The Crimson Shadow,Takashi Miike,"Margot Robbie, Lupita Nyong'o",Japan,"May 09, 2016",2002,TV-MA,85 min,"Romantic TV Shows, Thrillers, Romantic Movies","When an unexpected event turns their life upside down, an unlikely hero must step up."
s45,TV Show,The Endless Frontier,Anurag Kashyap,"Florence Pugh, Viola Davis, Tom Hanks, Scarlett Johansson",Japan,,2024,TV-14,3 Seasons,Comedies,"A heartwarming story of friendship, love, and perseverance across generations."
s46,Movie,The Hidden Protocol,Quentin Tarantino,,Spain,"October 27, 2018",2001,PG-13,102 min,"Documentaries, Action & Adventure","In a race against time, a dedicated team unravels a mystery that threatens everything."
s47,Movie,The Infinite Echo,Greta Gerwig,Daniel Kaluuya,India,"April 30, 2016",2016,G,169 min,"Crime TV Shows, Anime Series, Romantic TV Shows","An in-depth exploration of human emotions, secrets, and the choices that define us."
s48,TV Show,The Velvet Truth,,,Brazil,"July 22, 2023",2003,TV-G,2 Seasons,"Action & Adventure, Thrillers","When an unexpected event turns their life upside down, an unlikely hero must step up."
s49,Movie,The Golden Horizon,Christopher Nolan,"Penélope Cruz, Lupita Nyong'o, Cillian Murphy",United States,"December 05, 2022",2008,TV-PG,79 min,"Horror Movies, Sci-Fi & Fantasy, Romantic Movies","In a race against time, a dedicated team unravels a mystery that threatens everything."
s50,Movie,The Broken Night,Spike Lee,Denzel Washington,Italy,"May 26, 2023",2008,TV-PG,85 min,"Children & Family Movies, Crime TV Shows","An in-depth exploration of human emotions, secrets, and the choices that define us."
s51,Movie,The Rising Chronicles,Martin Scorsese,"Meryl Streep, Gong Yoo, Pedro Pascal, Timothée Chalamet",United States,"July 24, 2022",1991,NC-17,143 min,Thrillers,"In a race against time, a dedicated team unravels a mystery that threatens everything."
s52,Movie,The Frozen Storm,Denis Villeneuve,"Gong Yoo, Ana de Armas, Javier Bardem, Denzel Washington",South Korea,"July 07, 2022",1996,PG,112 min,"Docuseries, Children & Family Movies",Dark forces emerge as secrets long buried finally come to light in this thrilling drama.
s53,TV Show,The Sacred Echo,,"Mahershala Ali, Timothée Chalamet",Italy,"October 08, 2020",1990,TV-G,5 Seasons,"International TV Shows, Comedies","When an unexpected event turns their life upside down, an unlikely hero must step up."
s54,Movie,The Forgotten Protocol,,"Zendaya, Meryl Streep, Tom Hanks",United Kingdom,"November 30, 2019",2021,R,73 min,"Horror Movies, Thrillers, Children & Family Movies","A heartwarming story of friendship, love, and perseverance across generations."
s55,Movie,The Velvet Journey,Guillermo del Toro,,India,"September 22, 2016",2021,NC-17,135 min,"Sci-Fi & Fantasy, International TV Shows, Docuseries","In a race against time, a dedicated team unravels a mystery that threatens everything."
s56,Movie,The Sacred Night,James Cameron,Cillian Murphy,United Kingdom,"February 05, 2018",2016,TV-MA,170 min,"Sci-Fi & Fantasy, Dramas, Children & Family Movies",Dark forces emerge as secrets long buried finally come to light in this thrilling drama.
s57,Movie,The Infinite Frontier,,"Shah Rukh Khan, Penélope Cruz, Omar Sy",France,"February 03, 2021",2014,TV-PG,111 min,Horror Movies,"A heartwarming story of friendship, love, and perseverance across generations."
s58,Movie,The Velvet Echo,Ava DuVernay,"Lupita Nyong'o, Song Kang-ho, Dev Patel",Mexico,"July 21, 2020",1992,PG,134 min,"TV Dramas, Documentaries, Anime Series",A compelling narrative following characters as they navigate challenges in a changing world.
s59,Movie,The Frozen Empire,Greta Gerwig,"Ana de Armas, Shah Rukh Khan, Denzel Washington",Japan,"October 08, 2022",2015,R,179 min,"Romantic TV Shows, Crime TV Shows","An in-depth exploration of human emotions, secrets, and the choices that define us."
s60,Movie,The Rising Mirage,Steven Spielberg,"Denzel Washington, Scarlett Johansson, Ana de Armas, Dev Patel",Canada,"November 13, 2019",1996,R,126 min,Children & Family Movies,A compelling narrative following characters as they navigate challenges in a changing world.
s61,Movie,The Dark Truth,David Fincher,"Gong Yoo, Shah Rukh Khan",South Korea,"November 21, 2023",2001,PG,92 min,Crime TV Shows,"A heartwarming story of friendship, love, and perseverance across generations."
s62,TV Show,The Rising Frontier,,"Ana de Armas, Mahershala Ali, Penélope Cruz",United States,"March 20, 2020",2008,TV-G,5 Seasons,Action & Adventure,"In a race against time, a dedicated team unravels a mystery that threatens everything."
s63,TV Show,The Infinite Truth,Alfonso Cuarón,"Penélope Cruz, Florence Pugh",South Korea,"March 12, 2016",2005,TV-Y7,5 Seasons,"TV Action & Adventure, Children & Family Movies",Dark forces emerge as secrets long buried finally come to light in this thrilling drama.
s64,Movie,The Midnight Storm,Christopher Nolan,"Dev Patel, Zendaya, Pedro Pascal, Meryl Streep",Brazil,"March 18, 2018",2004,TV-MA,98 min,"Romantic Movies, Sci-Fi & Fantasy, International Movies",Dark forces emerge as secrets long buried finally come to light in this thrilling drama.
s65,Movie,The Dark Truth,Pedro Almodóvar,,Brazil,"April 23, 2018",2010,TV-14,92 min,International Movies,"A humorous and insightful look into modern relationships, career ambitions, and daily life."
s66,Movie,The Crimson Kingdom,Anurag Kashyap,"Priyanka Chopra, Mahershala Ali",Spain,"April 23, 2018",2011,R,129 min,International Movies,"A humorous and insightful look into modern relationships, career ambitions, and daily life."
s67,TV Show,The Midnight Mirage,,"Leonardo DiCaprio, Mahershala Ali, Omar Sy",France,"July 16, 2022",2006,TV-Y,4 Seasons,"TV Comedies, Documentaries, Horror Movies","In a race against time, a dedicated team unravels a mystery that threatens everything."
s68,Movie,The Sacred Whisper,Taika Waititi,Ana de Armas,Spain,"May 22, 2018",2016,R,87 min,Comedies,"An in-depth exploration of human emotions, secrets, and the choices that define us."
s69,TV Show,The Lost Promise,,"Shah Rukh Khan, Song Kang-ho, Penélope Cruz, Margot Robbie",Brazil,"January 21, 2021",2016,TV-Y,6 Seasons,"International Movies, International TV Shows, Documentaries","A humorous and insightful look into modern relationships, career ambitions, and daily life."
s70,Movie,The Velvet Storm,Steven Spielberg,"Tom Hanks, Penélope Cruz",Canada,"February 11, 2016",2013,TV-MA,77 min,"Sci-Fi & Fantasy, Romantic Movies",A compelling narrative following characters as they navigate challenges in a changing world.
s71,TV Show,The Frozen Journey,,"Leonardo DiCaprio, Meryl Streep, Timothée Chalamet, Scarlett Johansson",Italy,"October 09, 2015",2003,TV-Y,2 Seasons,TV Dramas,"A humorous and insightful look into modern relationships, career ambitions, and daily life."
s72,Movie,The Forgotten Empire,Spike Lee,Shah Rukh Khan,Italy,"May 31, 2022",1991,PG,71 min,"Horror Movies, TV Dramas",A compelling narrative following characters as they navigate challenges in a changing world.
s73,Movie,The Dark Night,Alfonso Cuarón,"Viola Davis, Pedro Pascal, Denzel Washington, Javier Bardem",France,"March 22, 2016",2018,G,148 min,Reality TV,"An in-depth exploration of human emotions, secrets, and the choices that define us."
s74,Movie,The Silent Echo,Sion Sono,"Gong Yoo, Dev Patel, Viola Davis",Spain,"November 27, 2015",2010,PG,78 min,Sci-Fi & Fantasy,"A heartwarming story of friendship, love, and perseverance across generations."
s75,Movie,The Sacred Whisper,James Cameron,"Marion Cotillard, Florence Pugh, Penélope Cruz, Cillian Murphy",Italy,"July 25, 2024",2003,TV-14,127 min,International TV Shows,"An in-depth exploration of human emotions, secrets, and the choices that define us."
s76,TV Show,The Midnight Shadow,Ava DuVernay,"Timothée Chalamet, Dev Patel, Mahershala Ali",United Kingdom,"April 26, 2020",1994,TV-MA,1 Season,International TV Shows,A compelling narrative following characters as they navigate challenges in a changing world.
s77,TV Show,The Crimson Night,,"Omar Sy, Timothée Chalamet, Dev Patel, Viola Davis",Mexico,"September 29, 2019",1993,TV-PG,5 Seasons,"TV Comedies, Documentaries","A heartwarming story of friendship, love, and perseverance across generations."
s78,Movie,The Hidden Protocol,Guillermo del Toro,,Germany,"July 21, 2023",2007,G,173 min,"Romantic TV Shows, TV Action & Adventure",A compelling narrative following characters as they navigate challenges in a changing world.
s79,Movie,The Endless Empire,Denis Villeneuve,"Lupita Nyong'o, Zendaya",France,"January 13, 2017",1999,TV-14,78 min,Dramas,A compelling narrative following characters as they navigate challenges in a changing world.
s80,TV Show,The Secret Dream,,"Priyanka Chopra, Margot Robbie",France,"May 13, 2021",1995,TV-MA,2 Seasons,Comedies,Dark forces emerge as secrets long buried finally come to light in this thrilling drama.
s81,Movie,The Frozen Shadow,Sion Sono,"Penélope Cruz, Gong Yoo, Mahershala Ali, Tom Hanks",India,"March 30, 2016",2008,TV-PG,137 min,"Children & Family Movies, Comedies, Horror Movies","In a race against time, a dedicated team unravels a mystery that threatens everything."
s82,TV Show,The Dark Empire,,Zendaya,Japan,"May 06, 2016",1990,TV-Y7,6 Seasons,"Thrillers, International Movies","In a race against time, a dedicated team unravels a mystery that threatens everything."
s83,Movie,The Broken Kingdom,Takashi Miike,"Denzel Washington, Song Kang-ho",United States,"February 27, 2020",1994,TV-MA,143 min,"TV Action & Adventure, Crime TV Shows",Dark forces emerge as secrets long buried finally come to light in this thrilling drama.
s84,Movie,The Wild Promise,James Cameron,,United Kingdom,"December 06, 2021",2019,TV-MA,81 min,"Documentaries, Horror Movies","In a race against time, a dedicated team unravels a mystery that threatens everything."
s85,Movie,The Fallen Journey,James Cameron,"Pedro Pascal, Timothée Chalamet",Italy,"September 21, 2020",1997,G,169 min,"TV Comedies, International Movies","When an unexpected event turns their life upside down, an unlikely hero must step up."
s86,Movie,The Endless Heart,Denis Villeneuve,"Shah Rukh Khan, Zendaya, Ana de Armas, Denzel Washington",Italy,"March 15, 2020",2018,TV-MA,180 min,"TV Dramas, International Movies, Anime Series",A compelling narrative following characters as they navigate challenges in a changing world.
s87,Movie,The Wild Storm,Yorgos Lanthimos,,India,"January 26, 2020",1992,PG-13,117 min,"Action & Adventure, TV Action & Adventure","A heartwarming story of friendship, love, and perseverance across generations."
s88,Movie,The Midnight Chronicles,Yorgos Lanthimos,"Pedro Pascal, Meryl Streep, Penélope Cruz, Daniel Kaluuya",France,"August 15, 2020",1999,PG-13,127 min,TV Dramas,Dark forces emerge as secrets long buried finally come to light in this thrilling drama.
s89,Movie,The Eternal Echo,Guillermo del Toro,"Penélope Cruz, Marion Cotillard, Cillian Murphy",France,"May 06, 2019",2016,TV-MA,156 min,"Comedies, TV Dramas, Action & Adventure","An in-depth exploration of human emotions, secrets, and the choices that define us."
s90,Movie,The Midnight Truth,Spike Lee,"Shah Rukh Khan, Timothée Chalamet, Denzel Washington, Daniel Kaluuya",France,"May 11, 2022",2015,PG,146 min,"Action & Adventure, Children & Family Movies, Crime TV Shows",Dark forces emerge as secrets long buried finally come to light in this thrilling drama.
s91,TV Show,The Hidden Kingdom,,"Marion Cotillard, Margot Robbie, Leonardo DiCaprio",United Kingdom,"October 31, 2018",2021,TV-14,2 Seasons,International Movies,A compelling narrative following characters as they navigate challenges in a changing world.
s92,Movie,The Lost Kingdom,Takashi Miike,"Meryl Streep, Dev Patel, Timothée Chalamet, Zendaya",Australia,"October 26, 2016",2001,PG,162 min,"Comedies, International TV Shows","An in-depth exploration of human emotions, secrets, and the choices that define us."
s93,Movie,The Broken Chronicles,Taika Waititi,"Zendaya, Pedro Pascal",Canada,"June 21, 2018",2020,G,117 min,"TV Action & Adventure, Anime Series, Romantic TV Shows","A humorous and insightful look into modern relationships, career ambitions, and daily life."
s94,Movie,The Midnight Kingdom,Anurag Kashyap,"Priyanka Chopra, Tom Hanks, Cillian Murphy",Japan,"May 22, 2020",2013,R,161 min,"Documentaries, Children & Family Movies, Action & Adventure","A humorous and insightful look into modern relationships, career ambitions, and daily life."
s95,Movie,The Frozen Kingdom,Greta Gerwig,"Denzel Washington, Scarlett Johansson, Penélope Cruz",United States,"June 12, 2019",2022,TV-MA,100 min,"Action & Adventure, TV Comedies","When an unexpected event turns their life upside down, an unlikely hero must step up."
s96,Movie,The Lost Whisper,Greta Gerwig,Meryl Streep,Spain,"July 22, 2016",2020,TV-PG,148 min,Action & Adventure,A compelling narrative following characters as they navigate challenges in a changing world.
s97,Movie,The Hidden Mirage,Taika Waititi,"Gong Yoo, Viola Davis, Zendaya, Florence Pugh",India,"September 16, 2019",2019,R,84 min,"Romantic TV Shows, Dramas",Dark forces emerge as secrets long buried finally come to light in this thrilling drama.
s98,Movie,The Broken Night,Ridley Scott,"Leonardo DiCaprio, Cillian Murphy, Margot Robbie",South Korea,"June 30, 2022",1995,TV-MA,78 min,"Romantic TV Shows, Reality TV, TV Action & Adventure","A heartwarming story of friendship, love, and perseverance across generations."
s99,Movie,The Rising Echo,,"Margot Robbie, Mahershala Ali, Pedro Pascal",,"November 13, 2018",2005,R,168 min,"TV Dramas, International Movies, Comedies","An in-depth exploration of human emotions, secrets, and the choices that define us."
s100,Movie,The Eternal Chronicles,,"Ana de Armas, Priyanka Chopra, Shah Rukh Khan",Italy,"June 01, 2015",2008,G,75 min,Comedies,"An in-depth exploration of human emotions, secrets, and the choices that define us."
s101,TV Show,The Fallen Dream,Takashi Miike,"Mahershala Ali, Meryl Streep, Zendaya",Japan,"October 04, 2023",1993,TV-G,3 Seasons,"Documentaries, TV Comedies","In a race against time, a dedicated team unravels a mystery that threatens everything."
s102,TV Show,The Frozen Dream,,Javier Bardem,France,"October 27, 2020",2007,TV-MA,6 Seasons,"Action & Adventure, International TV Shows","A heartwarming story of friendship, love, and perseverance across generations."
s103,TV Show,The Eternal Mirage,,,Mexico,"January 01, 2020",2017,TV-14,6 Seasons,"TV Comedies, Anime Series",A compelling narrative following characters as they navigate challenges in a changing world.
s104,TV Show,The Crimson Symphony,Spike Lee,,Mexico,"October 02, 2020",2000,TV-MA,2 Seasons,"Anime Series, Comedies, International Movies",A compelling narrative following characters as they navigate challenges in a changing world.
s105,Movie,The Crimson Valley,James Cameron,"Meryl Streep, Cillian Murphy, Shah Rukh Khan, Dev Patel",France,"July 23, 2023",1994,PG,137 min,"Crime TV Shows, TV Dramas",Dark forces emerge as secrets long buried finally come to light in this thrilling drama.
s106,Movie,The Lost Empire,Denis Villeneuve,"Marion Cotillard, Song Kang-ho, Omar Sy",Italy,"January 02, 2020",2003,NC-17,158 min,"Romantic Movies, Documentaries","When an unexpected event turns their life upside down, an unlikely hero must step up."
s107,TV Show,The Frozen Horizon,Pedro Almodóvar,,France,"December 16, 2022",1994,TV-Y,5 Seasons,"Children & Family Movies, Thrillers",Dark forces emerge as secrets long buried finally come to light in this thrilling drama.
s108,TV Show,The Eternal Valley,,,Italy,"November 12, 2023",2021,TV-MA,3 Seasons,"TV Action & Adventure, TV Comedies, Anime Series","A humorous and insightful look into modern relationships, career ambitions, and daily life."
s109,TV Show,The Hidden Symphony,Martin Scorsese,"Song Kang-ho, Lupita Nyong'o",Germany,"August 05, 2019",1994,TV-14,3 Seasons,"Action & Adventure, Anime Series, Romantic TV Shows",Dark forces emerge as secrets long buried finally come to light in this thrilling drama.
s110,Movie,The Hidden Mirage,,"Priyanka Chopra, Zendaya, Shah Rukh Khan, Gong Yoo",United States,"October 23, 2020",1999,NC-17,91 min,TV Dramas,Dark forces emerge as secrets long buried finally come to light in this thrilling drama.
s111,Movie,The Fallen Truth,Martin Scorsese,"Tom Hanks, Ana de Armas",Japan,"May 25, 2018",2024,R,134 min,"Thrillers, International Movies, TV Action & Adventure",Dark forces emerge as secrets long buried finally come to light in this thrilling drama.
s112,Movie,The Forgotten Whisper,Yorgos Lanthimos,,United States,"March 12, 2022",2006,G,168 min,"International TV Shows, Dramas, Docuseries",Dark forces emerge as secrets long buried finally come to light in this thrilling drama.
s113,Movie,The Wild Protocol,Guillermo del Toro,"Florence Pugh, Penélope Cruz, Denzel Washington",United Kingdom,"June 06, 2020",2019,G,113 min,"International Movies, TV Dramas, Romantic TV Shows",Dark forces emerge as secrets long buried finally come to light in this thrilling drama.
s114,TV Show,The Crimson Dream,,"Marion Cotillard, Omar Sy",Canada,"December 31, 2017",2018,TV-14,2 Seasons,Comedies,"An in-depth exploration of human emotions, secrets, and the choices that define us."
s115,TV Show,The Forgotten Shadow,,Timothée Chalamet,Brazil,"July 23, 2023",2000,TV-Y7,5 Seasons,"Docuseries, Children & Family Movies","In a race against time, a dedicated team unravels a mystery that threatens everything."
s116,Movie,The Midnight Kingdom,Pedro Almodóvar,Tom Hanks,United States,"July 20, 2020",2020,NC-17,138 min,Documentaries,"In a race against time, a dedicated team unravels a mystery that threatens everything."
s117,Movie,The Endless Valley,James Cameron,"Meryl Streep, Song Kang-ho",Germany,"March 16, 2021",2008,R,119 min,"Anime Series, Romantic TV Shows, Sci-Fi & Fantasy","A humorous and insightful look into modern relationships, career ambitions, and daily life."
s118,TV Show,The Forgotten Promise,,,Italy,"April 03, 2021",2013,TV-14,2 Seasons,"Reality TV, Crime TV Shows, TV Action & Adventure",A compelling narrative following characters as they navigate challenges in a changing world.
s119,Movie,The Hidden Whisper,Sion Sono,"Penélope Cruz, Shah Rukh Khan, Cillian Murphy, Marion Cotillard",Australia,"May 29, 2019",2009,TV-MA,134 min,"Romantic TV Shows, Docuseries, Children & Family Movies","In a race against time, a dedicated team unravels a mystery that threatens everything."
s120,TV Show,The Crimson Whisper,Alfonso Cuarón,"Florence Pugh, Pedro Pascal, Lupita Nyong'o, Ana de Armas",,"May 09, 2022",2004,TV-G,1 Season,"Docuseries, Thrillers, Reality TV",Dark forces emerge as secrets long buried finally come to light in this thrilling drama.
s121,TV Show,The Midnight Night,Guillermo del Toro,,Brazil,"March 19, 2015",2018,TV-PG,4 Seasons,International TV Shows,Dark forces emerge as secrets long buried finally come to light in this thrilling drama.
s122,Movie,The Fallen Symphony,Sion Sono,,Germany,"August 24, 2018",2020,TV-14,110 min,Anime Series,"A heartwarming story of friendship, love, and perseverance across generations."
s123,Movie,The Crimson Storm,Taika Waititi,"Tom Hanks, Scarlett Johansson, Mahershala Ali",Canada,"May 04, 2018",2008,G,158 min,"Docuseries, TV Dramas, TV Action & Adventure","An in-depth exploration of human emotions, secrets, and the choices that define us."
s124,Movie,The Endless Truth,Quentin Tarantino,"Dev Patel, Omar Sy, Song Kang-ho, Margot Robbie",Italy,"June 22, 2015",2008,R,114 min,"Sci-Fi & Fantasy, Docuseries","When an unexpected event turns their life upside down, an unlikely hero must step up."
s125,Movie,The Sacred Storm,Takashi Miike,"Shah Rukh Khan, Viola Davis",Australia,"July 27, 2015",2023,G,151 min,Comedies,A compelling narrative following characters as they navigate challenges in a changing world.
s126,Movie,The Rising Promise,,Leonardo DiCaprio,United Kingdom,"November 16, 2024",2020,TV-PG,153 min,Children & Family Movies,"An in-depth exploration of human emotions, secrets, and the choices that define us."
s127,Movie,The Dark Journey,,"Scarlett Johansson, Omar Sy, Pedro Pascal, Meryl Streep",United Kingdom,"May 23, 2024",2001,PG-13,177 min,"Docuseries, Thrillers",Dark forces emerge as secrets long buried finally come to light in this thrilling drama.
s128,TV Show,The Wild Echo,,"Cillian Murphy, Viola Davis, Timothée Chalamet, Florence Pugh",Mexico,"July 16, 2020",1998,TV-Y,4 Seasons,"Romantic Movies, Documentaries","An in-depth exploration of human emotions, secrets, and the choices that define us."
s129,Movie,The Frozen Storm,,Leonardo DiCaprio,Italy,"July 25, 2022",2002,PG,148 min,"Crime TV Shows, International TV Shows, Reality TV","An in-depth exploration of human emotions, secrets, and the choices that define us."
s130,Movie,The Lost Horizon,Greta Gerwig,"Timothée Chalamet, Scarlett Johansson, Leonardo DiCaprio",Canada,"December 29, 2017",2011,NC-17,144 min,"TV Action & Adventure, Dramas, Sci-Fi & Fantasy",Dark forces emerge as secrets long buried finally come to light in this thrilling drama.
s131,Movie,The Broken Echo,,,United Kingdom,"August 20, 2020",2009,R,151 min,"TV Comedies, Horror Movies","When an unexpected event turns their life upside down, an unlikely hero must step up."
s132,TV Show,The Rising Night,,"Margot Robbie, Gong Yoo, Lupita Nyong'o, Omar Sy",Italy,"June 13, 2022",2003,TV-14,6 Seasons,"Action & Adventure, Reality TV, Anime Series","A heartwarming story of friendship, love, and perseverance across generations."
s133,TV Show,The Golden Frontier,,"Marion Cotillard, Tom Hanks, Daniel Kaluuya, Omar Sy",France,"December 15, 2019",1997,TV-G,2 Seasons,"TV Action & Adventure, Docuseries, Action & Adventure","A heartwarming story of friendship, love, and perseverance across generations."
s134,Movie,The Dark Chronicles,Greta Gerwig,"Gong Yoo, Penélope Cruz, Daniel Kaluuya, Meryl Streep",Mexico,"February 10, 2023",1991,TV-14,102 min,Romantic Movies,"A heartwarming story of friendship, love, and perseverance across generations."
s135,Movie,The Velvet Valley,,,United States,"October 10, 2015",2020,PG-13,106 min,"Thrillers, International Movies","A humorous and insightful look into modern relationships, career ambitions, and daily life."
s136,Movie,The Velvet Valley,James Cameron,"Song Kang-ho, Denzel Washington, Dev Patel",Germany,"August 24, 2024",2012,R,92 min,"Crime TV Shows, Reality TV, International Movies",Dark forces emerge as secrets long buried finally come to light in this thrilling drama.
s137,TV Show,The Silent Empire,Pedro Almodóvar,"Gong Yoo, Omar Sy, Song Kang-ho, Scarlett Johansson",France,"February 11, 2017",1997,TV-MA,6 Seasons,"Dramas, Horror Movies","When an unexpected event turns their life upside down, an unlikely hero must step up."
s138,Movie,The Forgotten Echo,Pedro Almodóvar,"Dev Patel, Lupita Nyong'o, Meryl Streep, Scarlett Johansson",South Korea,"January 19, 2021",2003,PG-13,87 min,"Children & Family Movies, Horror Movies, TV Dramas","A heartwarming story of friendship, love, and perseverance across generations."
s139,Movie,The Shadow Legacy,Ridley Scott,Dev Patel,South Korea,"September 07, 2015",2001,TV-14,141 min,"Comedies, TV Comedies",Dark forces emerge as secrets long buried finally come to light in this thrilling drama.
s140,Movie,The Fallen Whisper,,"Gong Yoo, Shah Rukh Khan, Florence Pugh",Italy,"September 14, 2017",2004,NC-17,179 min,"International Movies, Anime Series, Comedies","A heartwarming story of friendship, love, and perseverance across generations."
s141,Movie,The Velvet Mirage,Anurag Kashyap,Song Kang-ho,Canada,"November 20, 2015",2018,TV-MA,81 min,"Romantic Movies, Comedies, Sci-Fi & Fantasy","In a race against time, a dedicated team unravels a mystery that threatens everything."
s142,Movie,The Forgotten Echo,Martin Scorsese,Zendaya,Mexico,"May 17, 2020",2003,TV-MA,108 min,Romantic Movies,"When an unexpected event turns their life upside down, an unlikely hero must step up."
s143,TV Show,The Lost Protocol,,"Lupita Nyong'o, Tom Hanks, Song Kang-ho, Scarlett Johansson",Italy,"March 24, 2020",2024,TV-G,3 Seasons,"Sci-Fi & Fantasy, TV Comedies","A heartwarming story of friendship, love, and perseverance across generations."
s144,TV Show,The Frozen Promise,Sion Sono,"Tom Hanks, Margot Robbie",United States,"June 25, 2017",1999,TV-MA,3 Seasons,"TV Action & Adventure, International TV Shows, Children & Family Movies","When an unexpected event turns their life upside down, an unlikely hero must step up."
s145,Movie,The Broken Dream,Yorgos Lanthimos,Javier Bardem,Mexico,"July 24, 2023",2021,TV-PG,128 min,TV Comedies,"When an unexpected event turns their life upside down, an unlikely hero must step up."
s146,Movie,The Sacred Protocol,Denis Villeneuve,"Ana de Armas, Meryl Streep, Marion Cotillard, Denzel Washington",Mexico,"January 27, 2015",2016,PG,177 min,"Horror Movies, Action & Adventure, International Movies",A compelling narrative following characters as they navigate challenges in a changing world.
s147,Movie,The Frozen Valley,Steven Spielberg,"Ana de Armas, Dev Patel, Cillian Murphy, Javier Bardem",United States,,2016,PG-13,72 min,"Sci-Fi & Fantasy, Romantic TV Shows, Children & Family Movies",A compelling narrative following characters as they navigate challenges in a changing world.
s148,Movie,The Velvet Horizon,Quentin Tarantino,,Canada,"November 26, 2020",2006,TV-MA,104 min,"Action & Adventure, TV Comedies","In a race against time, a dedicated team unravels a mystery that threatens everything."
s149,Movie,The Broken Legacy,Ridley Scott,,Mexico,"January 18, 2016",2015,TV-14,118 min,"Docuseries, Comedies, Dramas",Dark forces emerge as secrets long buried finally come to light in this thrilling drama.
s150,Movie,The Rising Shadow,,"Daniel Kaluuya, Viola Davis",United States,"September 25, 2024",2020,NC-17,75 min,Sci-Fi & Fantasy,"A heartwarming story of friendship, love, and perseverance across generations."
s151,Movie,The Dark Horizon,Ava DuVernay,,Australia,"March 15, 2024",2015,R,108 min,TV Action & Adventure,"When an unexpected event turns their life upside down, an unlikely hero must step up."
s152,Movie,The Midnight Mirage,Ava DuVernay,"Zendaya, Pedro Pascal, Shah Rukh Khan",Brazil,"August 13, 2020",2012,PG-13,82 min,"Horror Movies, Action & Adventure","An in-depth exploration of human emotions, secrets, and the choices that define us."
s153,Movie,The Forgotten Symphony,James Cameron,"Leonardo DiCaprio, Ana de Armas",Spain,"December 28, 2018",2014,TV-14,93 min,"TV Action & Adventure, Crime TV Shows, Action & Adventure","A humorous and insightful look into modern relationships, career ambitions, and daily life."
s154,Movie,The Broken Journey,Martin Scorsese,"Shah Rukh Khan, Song Kang-ho",Mexico,"May 15, 2019",2010,TV-MA,83 min,Dramas,"An in-depth exploration of human emotions, secrets, and the choices that define us."
s155,Movie,The Endless Promise,Greta Gerwig,,Spain,"September 29, 2020",2016,R,73 min,TV Comedies,"A heartwarming story of friendship, love, and perseverance across generations."
s156,Movie,The Forgotten Whisper,James Cameron,,South Korea,"February 16, 2023",2005,PG,157 min,"Thrillers, International Movies","An in-depth exploration of human emotions, secrets, and the choices that define us."
s157,Movie,The Rising Night,Martin Scorsese,Gong Yoo,Japan,"November 12, 2015",2013,NC-17,101 min,"Docuseries, Romantic Movies, Anime Series",A compelling narrative following characters as they navigate challenges in a changing world.
s158,Movie,The Silent Dream,Ava DuVernay,"Song Kang-ho, Timothée Chalamet, Penélope Cruz, Gong Yoo",Mexico,"July 11, 2016",2009,TV-MA,147 min,"Romantic Movies, Docuseries, TV Dramas","When an unexpected event turns their life upside down, an unlikely hero must step up."
s159,TV Show,The Shadow Truth,,"Daniel Kaluuya, Scarlett Johansson, Timothée Chalamet",Italy,"April 11, 2016",2002,TV-Y,5 Seasons,Romantic TV Shows,A compelling narrative following characters as they navigate challenges in a changing world.
s160,TV Show,The Frozen Heart,,"Lupita Nyong'o, Denzel Washington",Italy,"July 19, 2022",2021,TV-14,6 Seasons,"Horror Movies, Sci-Fi & Fantasy",Dark forces emerge as secrets long buried finally come to light in this thrilling drama.
s161,Movie,The Velvet Dream,Martin Scorsese,"Cillian Murphy, Javier Bardem, Daniel Kaluuya",Germany,"October 02, 2024",2016,PG-13,171 min,"Romantic TV Shows, Action & Adventure",A compelling narrative following characters as they navigate challenges in a changing world.
s162,TV Show,The Crimson Horizon,Steven Spielberg,"Ana de Armas, Dev Patel, Song Kang-ho, Zendaya",Italy,"February 13, 2015",1996,TV-PG,2 Seasons,"Reality TV, Romantic TV Shows, Horror Movies","In a race against time, a dedicated team unravels a mystery that threatens everything."
s163,Movie,The Frozen Frontier,,"Shah Rukh Khan, Margot Robbie, Leonardo DiCaprio, Javier Bardem",South Korea,"December 18, 2015",1997,PG,114 min,"TV Dramas, Anime Series","A humorous and insightful look into modern relationships, career ambitions, and daily life."
s164,Movie,The Rising Valley,Sion Sono,,Brazil,"October 03, 2015",2009,PG-13,173 min,"Documentaries, Dramas, TV Dramas",Dark forces emerge as secrets long buried finally come to light in this thrilling drama.
s165,Movie,The Eternal Legacy,Anurag Kashyap,Omar Sy,Germany,"March 07, 2020",2004,TV-14,150 min,Thrillers,Dark forces emerge as secrets long buried finally come to light in this thrilling drama.
s166,Movie,The Midnight Empire,Taika Waititi,Penélope Cruz,South Korea,,2003,G,105 min,"Action & Adventure, Documentaries, Thrillers","An in-depth exploration of human emotions, secrets, and the choices that define us."
s167,Movie,The Frozen Promise,Spike Lee,"Marion Cotillard, Ana de Armas, Timothée Chalamet",Australia,"April 12, 2016",2012,TV-MA,178 min,"Thrillers, Children & Family Movies","A heartwarming story of friendship, love, and perseverance across generations."
s168,Movie,The Hidden Whisper,Quentin Tarantino,Florence Pugh,France,"September 23, 2020",2014,TV-14,146 min,TV Action & Adventure,"In a race against time, a dedicated team unravels a mystery that threatens everything."
s169,Movie,The Rising Mirage,,Omar Sy,Japan,"July 12, 2018",2018,PG-13,180 min,"Dramas, Docuseries","When an unexpected event turns their life upside down, an unlikely hero must step up."
s170,Movie,The Midnight Mirage,Anurag Kashyap,"Gong Yoo, Dev Patel, Javier Bardem",Spain,"December 05, 2015",1991,G,107 min,Sci-Fi & Fantasy,"When an unexpected event turns their life upside down, an unlikely hero must step up."
s171,Movie,The Eternal Chronicles,Yorgos Lanthimos,"Omar Sy, Marion Cotillard, Viola Davis",Japan,"March 26, 2024",2013,PG-13,167 min,"Anime Series, Romantic TV Shows, Romantic Movies","In a race against time, a dedicated team unravels a mystery that threatens everything."
s172,Movie,The Broken Truth,Steven Spielberg,"Mahershala Ali, Margot Robbie, Denzel Washington",India,"August 28, 2017",2003,TV-MA,180 min,"International TV Shows, Thrillers, International Movies","A humorous and insightful look into modern relationships, career ambitions, and daily life."
s173,Movie,The Secret Echo,Yorgos Lanthimos,"Omar Sy, Mahershala Ali",United Kingdom,"November 23, 2022",2008,NC-17,143 min,"Reality TV, Documentaries","When an unexpected event turns their life upside down, an unlikely hero must step up."
s174,TV Show,The Velvet Echo,,Lupita Nyong'o,Canada,"August 12, 2018",2005,TV-G,4 Seasons,"International Movies, Sci-Fi & Fantasy",Dark forces emerge as secrets long buried finally come to light in this thrilling drama.
s175,Movie,The Frozen Journey,,,Brazil,"November 02, 2024",2013,TV-PG,132 min,"TV Action & Adventure, Dramas","A humorous and insightful look into modern relationships, career ambitions, and daily life."
s176,TV Show,The Golden Chronicles,,"Denzel Washington, Omar Sy",South Korea,"July 19, 2020",2007,TV-PG,3 Seasons,"Romantic TV Shows, International Movies","A heartwarming story of friendship, love, and perseverance across generations."
s177,TV Show,The Shadow Echo,,"Leonardo DiCaprio, Viola Davis, Priyanka Chopra",United States,"October 19, 2019",2002,TV-G,2 Seasons,"Children & Family Movies, Thrillers, Sci-Fi & Fantasy",A compelling narrative following characters as they navigate challenges in a changing world.
s178,Movie,The Endless Journey,David Fincher,Meryl Streep,Japan,"June 21, 2023",2004,TV-14,153 min,Documentaries,A compelling narrative following characters as they navigate challenges in a changing world.
s179,Movie,The Golden Night,Yorgos Lanthimos,Marion Cotillard,United States,,2011,R,180 min,"International Movies, Docuseries",A compelling narrative following characters as they navigate challenges in a changing world.
s180,Movie,The Golden Promise,Quentin Tarantino,"Margot Robbie, Florence Pugh",Italy,"October 21, 2024",1998,PG,78 min,"TV Action & Adventure, Dramas, Thrillers","In a race against time, a dedicated team unravels a mystery that threatens everything."
s181,Movie,The Secret Night,Alfonso Cuarón,"Dev Patel, Penélope Cruz, Tom Hanks, Denzel Washington",United Kingdom,"August 11, 2021",2014,TV-MA,124 min,"International Movies, Horror Movies","An in-depth exploration of human emotions, secrets, and the choices that define us."
s182,Movie,The Broken Mirage,Taika Waititi,"Pedro Pascal, Cillian Murphy, Florence Pugh, Zendaya",United States,"May 20, 2022",2009,G,136 min,"Reality TV, Romantic Movies, Crime TV Shows","An in-depth exploration of human emotions, secrets, and the choices that define us."
s183,Movie,The Broken Protocol,James Cameron,,Mexico,"December 03, 2020",1990,TV-MA,110 min,Crime TV Shows,"A humorous and insightful look into modern relationships, career ambitions, and daily life."
s184,TV Show,The Velvet Valley,,Zendaya,Italy,"August 02, 2021",1994,TV-MA,3 Seasons,Comedies,A compelling narrative following characters as they navigate challenges in a changing world.
s185,TV Show,The Midnight Kingdom,,"Zendaya, Gong Yoo, Lupita Nyong'o, Song Kang-ho",Germany,"September 17, 2016",2007,TV-MA,3 Seasons,Reality TV,"When an unexpected event turns their life upside down, an unlikely hero must step up."
s186,TV Show,The Hidden Mirage,,"Ana de Armas, Zendaya, Dev Patel, Denzel Washington",South Korea,"June 29, 2024",2005,TV-MA,2 Seasons,International TV Shows,A compelling narrative following characters as they navigate challenges in a changing world.
s187,Movie,The Forgotten Echo,Ridley Scott,Viola Davis,,"February 16, 2015",2000,TV-PG,114 min,"Reality TV, Sci-Fi & Fantasy, Thrillers","An in-depth exploration of human emotions, secrets, and the choices that define us."
s188,Movie,The Endless Promise,Christopher Nolan,"Gong Yoo, Mahershala Ali",Japan,"June 19, 2021",1994,TV-PG,128 min,"TV Comedies, Comedies, Docuseries","A humorous and insightful look into modern relationships, career ambitions, and daily life."
s189,Movie,The Crimson Horizon,Spike Lee,,Mexico,"July 24, 2017",2022,PG-13,75 min,Horror Movies,A compelling narrative following characters as they navigate challenges in a changing world.
s190,Movie,The Midnight Night,Denis Villeneuve,,Brazil,"September 14, 2019",2004,TV-MA,101 min,"TV Dramas, Sci-Fi & Fantasy","A humorous and insightful look into modern relationships, career ambitions, and daily life."
s191,Movie,The Crimson Promise,Anurag Kashyap,,Italy,"July 08, 2015",2015,R,129 min,"Children & Family Movies, TV Dramas",A compelling narrative following characters as they navigate challenges in a changing world.
s192,Movie,The Silent Valley,Bong Joon-ho,"Daniel Kaluuya, Florence Pugh",Canada,"August 20, 2021",2021,G,163 min,"Horror Movies, International Movies, Dramas","In a race against time, a dedicated team unravels a mystery that threatens everything."
s193,Movie,The Sacred Valley,,,United States,"March 22, 2019",2009,R,96 min,"Horror Movies, International TV Shows, Docuseries",A compelling narrative following characters as they navigate challenges in a changing world.
s194,TV Show,The Hidden Storm,,Marion Cotillard,France,"May 22, 2023",1995,TV-Y,1 Season,"International Movies, Crime TV Shows, Action & Adventure","A heartwarming story of friendship, love, and perseverance across generations."
s195,Movie,The Velvet Night,Guillermo del Toro,"Mahershala Ali, Timothée Chalamet",South Korea,"April 01, 2023",2010,TV-MA,127 min,"Horror Movies, Action & Adventure","When an unexpected event turns their life upside down, an unlikely hero must step up."
s196,Movie,The Infinite Promise,Greta Gerwig,,Spain,"May 09, 2016",2024,TV-MA,168 min,Anime Series,"An in-depth exploration of human emotions, secrets, and the choices that define us."
s197,Movie,The Lost Journey,Denis Villeneuve,"Lupita Nyong'o, Cillian Murphy",,"September 04, 2018",1999,R,161 min,TV Comedies,"In a race against time, a dedicated team unravels a mystery that threatens everything."
s198,Movie,The Wild Storm,Denis Villeneuve,,Spain,"March 03, 2021",2005,R,129 min,International Movies,A compelling narrative following characters as they navigate challenges in a changing world.
s199,Movie,The Broken Night,Bong Joon-ho,"Margot Robbie, Dev Patel, Ana de Armas",India,"November 26, 2017",1994,PG-13,78 min,Anime Series,"A humorous and insightful look into modern relationships, career ambitions, and daily life."
s200,Movie,The Shadow Promise,Steven Spielberg,"Meryl Streep, Priyanka Chopra, Daniel Kaluuya",Brazil,"May 01, 2015",2014,TV-14,92 min,"Romantic Movies, Thrillers","An in-depth exploration of human emotions, secrets, and the choices that define us."
s201,Movie,The Hidden Echo,Taika Waititi,"Cillian Murphy, Scarlett Johansson, Ana de Armas, Florence Pugh",Germany,"December 26, 2015",2007,TV-14,87 min,"Romantic Movies, Reality TV","When an unexpected event turns their life upside down, an unlikely hero must step up."
s202,Movie,The Sacred Empire,James Cameron,"Javier Bardem, Omar Sy",France,"August 19, 2020",2010,TV-14,104 min,Dramas,"An in-depth exploration of human emotions, secrets, and the choices that define us."
s203,Movie,The Silent Storm,Steven Spielberg,"Marion Cotillard, Margot Robbie, Zendaya",Canada,"February 15, 2016",2005,G,104 min,"Comedies, Horror Movies, Crime TV Shows","An in-depth exploration of human emotions, secrets, and the choices that define us."
s204,TV Show,The Eternal Horizon,,"Pedro Pascal, Lupita Nyong'o",Australia,"November 09, 2022",2012,TV-Y,5 Seasons,TV Action & Adventure,"When an unexpected event turns their life upside down, an unlikely hero must step up."
s205,TV Show,The Rising Mirage,,"Meryl Streep, Denzel Washington, Scarlett Johansson",United States,"January 03, 2015",2011,TV-Y,2 Seasons,TV Dramas,Dark forces emerge as secrets long buried finally come to light in this thrilling drama.
s206,Movie,The Shadow Echo,Christopher Nolan,Daniel Kaluuya,United Kingdom,"June 29, 2024",2023,TV-MA,79 min,"Crime TV Shows, Documentaries","An in-depth exploration of human emotions, secrets, and the choices that define us."
s207,Movie,The Hidden Horizon,Alfonso Cuarón,"Ana de Armas, Timothée Chalamet, Priyanka Chopra",Germany,"November 18, 2021",2012,G,155 min,"Thrillers, Crime TV Shows, Children & Family Movies",Dark forces emerge as secrets long buried finally come to light in this thrilling drama.
s208,TV Show,The Hidden Horizon,,"Song Kang-ho, Zendaya, Daniel Kaluuya, Meryl Streep",France,"November 09, 2021",2004,TV-G,5 Seasons,Docuseries,"When an unexpected event turns their life upside down, an unlikely hero must step up."
s209,Movie,The Golden Legacy,David Fincher,"Priyanka Chopra, Ana de Armas",India,"July 07, 2022",2011,TV-PG,71 min,"Romantic Movies, Horror Movies",Dark forces emerge as secrets long buried finally come to light in this thrilling drama.
s210,Movie,The Endless Promise,Christopher Nolan,,Brazil,"November 12, 2016",2016,TV-PG,118 min,"Romantic TV Shows, Crime TV Shows",A compelling narrative following characters as they navigate challenges in a changing world.
s211,TV Show,The Infinite Legacy,,,United States,"July 29, 2018",2006,TV-MA,1 Season,"Thrillers, Crime TV Shows","When an unexpected event turns their life upside down, an unlikely hero must step up."
s212,TV Show,The Sacred Journey,,"Javier Bardem, Lupita Nyong'o, Leonardo DiCaprio, Gong Yoo",United Kingdom,"November 14, 2019",2000,TV-MA,1 Season,"Romantic Movies, TV Action & Adventure","In a race against time, a dedicated team unravels a mystery that threatens everything."
s213,TV Show,The Sacred Storm,Ridley Scott,Viola Davis,,"June 02, 2024",2021,TV-14,1 Season,"Dramas, International TV Shows",A compelling narrative following characters as they navigate challenges in a changing world.
s214,Movie,The Forgotten Protocol,Bong Joon-ho,,,"April 10, 2018",1995,TV-PG,178 min,Children & Family Movies,"A humorous and insightful look into modern relationships, career ambitions, and daily life."
s215,Movie,The Rising Storm,Martin Scorsese,"Song Kang-ho, Priyanka Chopra, Margot Robbie, Penélope Cruz",,"December 14, 2017",2004,NC-17,142 min,International Movies,"A humorous and insightful look into modern relationships, career ambitions, and daily life."
s216,TV Show,The Lost Journey,Takashi Miike,"Zendaya, Daniel Kaluuya, Scarlett Johansson",South Korea,"September 11, 2019",2024,TV-G,4 Seasons,"Horror Movies, Docuseries, Children & Family Movies",A compelling narrative following characters as they navigate challenges in a changing world.
s217,Movie,The Dark Kingdom,Yorgos Lanthimos,"Daniel Kaluuya, Dev Patel, Cillian Murphy, Shah Rukh Khan",Italy,"November 15, 2016",2003,G,86 min,International TV Shows,A compelling narrative following characters as they navigate challenges in a changing world.
s218,TV Show,The Velvet Heart,,Cillian Murphy,Brazil,"October 02, 2015",1995,TV-Y7,5 Seasons,"Romantic TV Shows, TV Dramas","A humorous and insightful look into modern relationships, career ambitions, and daily life."
s219,Movie,The Frozen Empire,,"Daniel Kaluuya, Marion Cotillard, Gong Yoo, Viola Davis",United Kingdom,"July 14, 2021",1996,R,142 min,Children & Family Movies,"A humorous and insightful look into modern relationships, career ambitions, and daily life."
s220,Movie,The Crimson Shadow,Spike Lee,"Ana de Armas, Javier Bardem, Daniel Kaluuya",United States,"July 09, 2019",1999,TV-14,74 min,"TV Dramas, Horror Movies",A compelling narrative following characters as they navigate challenges in a changing world.
s221,TV Show,The Endless Valley,,"Florence Pugh, Mahershala Ali",Brazil,"September 29, 2024",2004,TV-14,3 Seasons,"Anime Series, TV Dramas, Sci-Fi & Fantasy",Dark forces emerge as secrets long buried finally come to light in this thrilling drama.
s222,Movie,The Golden Heart,Pedro Almodóvar,Gong Yoo,Italy,"March 12, 2019",1993,PG,78 min,"Reality TV, Crime TV Shows","When an unexpected event turns their life upside down, an unlikely hero must step up."
s223,TV Show,The Fallen Frontier,,Tom Hanks,Canada,"July 27, 2015",2013,TV-G,2 Seasons,"TV Comedies, Anime Series","A heartwarming story of friendship, love, and perseverance across generations."
s224,Movie,The Lost Empire,Guillermo del Toro,"Javier Bardem, Cillian Murphy",Spain,"December 03, 2018",2012,PG,177 min,"Action & Adventure, Children & Family Movies",A compelling narrative following characters as they navigate challenges in a changing world.
s225,Movie,The Eternal Frontier,Bong Joon-ho,Ana de Armas,Canada,"August 05, 2019",2022,PG-13,180 min,"Dramas, Docuseries, International Movies",Dark forces emerge as secrets long buried finally come to light in this thrilling drama.
s226,Movie,The Silent Legacy,Spike Lee,"Florence Pugh, Lupita Nyong'o, Ana de Armas, Mahershala Ali",South Korea,"February 24, 2020",2006,G,129 min,"Reality TV, Crime TV Shows","A heartwarming story of friendship, love, and perseverance across generations."
s227,Movie,The Fallen Valley,Takashi Miike,"Cillian Murphy, Florence Pugh, Dev Patel, Viola Davis",France,"March 08, 2022",2010,NC-17,103 min,"Children & Family Movies, Romantic Movies, International Movies","A heartwarming story of friendship, love, and perseverance across generations."
s228,TV Show,The Dark Symphony,,"Dev Patel, Shah Rukh Khan",Mexico,"April 25, 2018",2006,TV-Y7,4 Seasons,"Comedies, Romantic Movies","An in-depth exploration of human emotions, secrets, and the choices that define us."
s229,TV Show,The Broken Mirage,Sion Sono,"Marion Cotillard, Florence Pugh",Mexico,"January 11, 2017",2008,TV-MA,4 Seasons,Sci-Fi & Fantasy,Dark forces emerge as secrets long buried finally come to light in this thrilling drama.
s230,TV Show,The Eternal Whisper,Guillermo del Toro,"Scarlett Johansson, Pedro Pascal",South Korea,"September 19, 2018",2013,TV-PG,5 Seasons,"Anime Series, Documentaries","In a race against time, a dedicated team unravels a mystery that threatens everything."
s231,Movie,The Infinite Frontier,Taika Waititi,,Canada,"September 23, 2024",2014,NC-17,122 min,International Movies,"When an unexpected event turns their life upside down, an unlikely hero must step up."
s232,TV Show,The Shadow Shadow,Pedro Almodóvar,Timothée Chalamet,United Kingdom,"June 20, 2020",2011,TV-G,2 Seasons,"Comedies, Dramas","In a race against time, a dedicated team unravels a mystery that threatens everything."
s233,Movie,The Eternal Frontier,Denis Villeneuve,"Zendaya, Denzel Washington, Shah Rukh Khan",Mexico,"October 24, 2019",2020,TV-14,70 min,Romantic TV Shows,"When an unexpected event turns their life upside down, an unlikely hero must step up."
s234,TV Show,The Silent Whisper,Anurag Kashyap,Leonardo DiCaprio,Mexico,"July 15, 2017",2012,TV-PG,2 Seasons,Crime TV Shows,"A heartwarming story of friendship, love, and perseverance across generations."
s235,Movie,The Eternal Journey,Steven Spielberg,"Florence Pugh, Penélope Cruz",Australia,"November 12, 2019",1998,TV-MA,132 min,"Romantic Movies, Thrillers","A humorous and insightful look into modern relationships, career ambitions, and daily life."
s236,Movie,The Broken Legacy,Greta Gerwig,Pedro Pascal,,"May 19, 2016",2013,PG-13,118 min,"Sci-Fi & Fantasy, Romantic TV Shows, Comedies","A heartwarming story of friendship, love, and perseverance across generations."
s237,TV Show,The Lost Empire,,,South Korea,"November 01, 2017",2020,TV-G,2 Seasons,Dramas,"An in-depth exploration of human emotions, secrets, and the choices that define us."
s238,Movie,The Lost Kingdom,Spike Lee,"Cillian Murphy, Lupita Nyong'o, Shah Rukh Khan, Gong Yoo",India,"December 05, 2021",1997,NC-17,84 min,Docuseries,"When an unexpected event turns their life upside down, an unlikely hero must step up."
s239,Movie,The Endless Kingdom,Bong Joon-ho,"Lupita Nyong'o, Gong Yoo",United States,"April 30, 2017",2020,TV-MA,100 min,Dramas,Dark forces emerge as secrets long buried finally come to light in this thrilling drama.
s240,Movie,The Lost Frontier,,"Shah Rukh Khan, Denzel Washington, Zendaya",Brazil,"November 14, 2017",2004,TV-PG,107 min,"Anime Series, Comedies",A compelling narrative following characters as they navigate challenges in a changing world.
s241,TV Show,The Dark Truth,,"Gong Yoo, Pedro Pascal",Italy,"February 09, 2015",1998,TV-G,6 Seasons,TV Dramas,"An in-depth exploration of human emotions, secrets, and the choices that define us."
s242,TV Show,The Forgotten Storm,Martin Scorsese,"Timothée Chalamet, Priyanka Chopra",South Korea,"January 18, 2018",2014,TV-G,4 Seasons,"Thrillers, Documentaries","When an unexpected event turns their life upside down, an unlikely hero must step up."
s243,TV Show,The Dark Horizon,,"Javier Bardem, Daniel Kaluuya, Dev Patel, Penélope Cruz",South Korea,"November 09, 2021",1991,TV-G,6 Seasons,Docuseries,"In a race against time, a dedicated team unravels a mystery that threatens everything."
s244,Movie,The Velvet Chronicles,Steven Spielberg,,France,,2023,G,155 min,"Reality TV, TV Action & Adventure",Dark forces emerge as secrets long buried finally come to light in this thrilling drama.
s245,TV Show,The Lost Shadow,Guillermo del Toro,"Margot Robbie, Dev Patel, Ana de Armas",Germany,"November 15, 2021",1993,TV-MA,6 Seasons,Reality TV,"A humorous and insightful look into modern relationships, career ambitions, and daily life."
s246,Movie,The Rising Horizon,Martin Scorsese,"Timothée Chalamet, Scarlett Johansson, Mahershala Ali",Canada,"March 31, 2019",2015,G,80 min,"Anime Series, TV Action & Adventure",A compelling narrative following characters as they navigate challenges in a changing world.
s247,TV Show,The Frozen Whisper,,"Pedro Pascal, Ana de Armas, Leonardo DiCaprio",South Korea,"February 27, 2021",1990,TV-MA,5 Seasons,"Children & Family Movies, Reality TV, Romantic Movies",Dark forces emerge as secrets long buried finally come to light in this thrilling drama.
s248,Movie,The Shadow Valley,Steven Spielberg,Penélope Cruz,Italy,"April 21, 2020",2013,TV-PG,84 min,Horror Movies,A compelling narrative following characters as they navigate challenges in a changing world.
s249,Movie,The Wild Mirage,Anurag Kashyap,"Lupita Nyong'o, Viola Davis",,"July 29, 2016",2016,R,102 min,"Romantic Movies, TV Action & Adventure, Documentaries","A humorous and insightful look into modern relationships, career ambitions, and daily life."
s250,Movie,The Frozen Heart,,"Viola Davis, Zendaya",Mexico,"August 08, 2021",1997,TV-PG,128 min,"TV Action & Adventure, Reality TV, International Movies","In a race against time, a dedicated team unravels a mystery that threatens everything."
s251,Movie,The Dark Mirage,Alfonso Cuarón,"Javier Bardem, Marion Cotillard, Zendaya, Priyanka Chopra",United Kingdom,"June 09, 2016",1996,TV-14,154 min,"TV Dramas, Reality TV, Crime TV Shows","In a race against time, a dedicated team unravels a mystery that threatens everything."
s252,TV Show,The Broken Storm,,"Florence Pugh, Penélope Cruz",United Kingdom,"November 07, 2022",2022,TV-PG,6 Seasons,"TV Dramas, Romantic TV Shows, Romantic Movies","When an unexpected event turns their life upside down, an unlikely hero must step up."
s253,Movie,The Wild Valley,,Lupita Nyong'o,United Kingdom,"October 14, 2022",2010,R,167 min,"Romantic TV Shows, Docuseries","A heartwarming story of friendship, love, and perseverance across generations."
s254,Movie,The Velvet Mirage,Ridley Scott,"Leonardo DiCaprio, Marion Cotillard, Viola Davis",,"July 08, 2022",1993,G,104 min,Children & Family Movies,Dark forces emerge as secrets long buried finally come to light in this thrilling drama.
s255,Movie,The Dark Truth,Bong Joon-ho,"Meryl Streep, Margot Robbie, Penélope Cruz, Viola Davis",Mexico,"September 12, 2024",2004,TV-14,100 min,"Children & Family Movies, Comedies, Crime TV Shows","In a race against time, a dedicated team unravels a mystery that threatens everything."
s256,Movie,The Shadow Mirage,Steven Spielberg,,Canada,"October 04, 2023",2018,G,151 min,"TV Comedies, Romantic TV Shows, Romantic Movies","A humorous and insightful look into modern relationships, career ambitions, and daily life."
s257,TV Show,The Secret Truth,,,United Kingdom,"May 03, 2016",2014,TV-MA,4 Seasons,"Romantic TV Shows, Sci-Fi & Fantasy","When an unexpected event turns their life upside down, an unlikely hero must step up."
s258,Movie,The Endless Empire,Ava DuVernay,"Lupita Nyong'o, Shah Rukh Khan, Meryl Streep",France,"September 04, 2023",2009,TV-PG,171 min,"Romantic TV Shows, TV Comedies, Action & Adventure","A humorous and insightful look into modern relationships, career ambitions, and daily life."
s259,TV Show,The Fallen Legacy,Anurag Kashyap,,United Kingdom,"January 08, 2021",2015,TV-MA,3 Seasons,Romantic Movies,Dark forces emerge as secrets long buried finally come to light in this thrilling drama.
s260,Movie,The Crimson Truth,Bong Joon-ho,"Marion Cotillard, Javier Bardem, Omar Sy, Zendaya",United States,"November 18, 2018",2018,G,152 min,"Horror Movies, Comedies, TV Dramas","In a race against time, a dedicated team unravels a mystery that threatens everything."
s261,TV Show,The Lost Dream,,"Leonardo DiCaprio, Marion Cotillard",France,"September 14, 2020",2018,TV-Y7,1 Season,"Romantic Movies, TV Dramas","A heartwarming story of friendship, love, and perseverance across generations."
s262,Movie,The Lost Horizon,Takashi Miike,"Leonardo DiCaprio, Ana de Armas, Denzel Washington, Tom Hanks",Italy,"September 08, 2022",2017,R,96 min,"International TV Shows, Action & Adventure, International Movies",A compelling narrative following characters as they navigate challenges in a changing world.
s263,Movie,The Shadow Echo,Martin Scorsese,,Italy,"October 16, 2015",2004,NC-17,122 min,"Anime Series, Crime TV Shows","In a race against time, a dedicated team unravels a mystery that threatens everything."
s264,Movie,The Midnight Promise,Takashi Miike,,Australia,"May 14, 2023",1992,R,115 min,"Documentaries, Children & Family Movies, Romantic TV Shows","A heartwarming story of friendship, love, and perseverance across generations."
s265,Movie,The Frozen Dream,James Cameron,,Germany,"May 17, 2023",2015,NC-17,151 min,Children & Family Movies,Dark forces emerge as secrets long buried finally come to light in this thrilling drama.
s266,TV Show,The Crimson Empire,,"Shah Rukh Khan, Viola Davis, Meryl Streep, Leonardo DiCaprio",South Korea,"December 15, 2015",2009,TV-14,6 Seasons,"TV Comedies, Romantic Movies, International TV Shows",Dark forces emerge as secrets long buried finally come to light in this thrilling drama.
s267,TV Show,The Hidden Horizon,,"Mahershala Ali, Tom Hanks, Viola Davis, Priyanka Chopra",Australia,"July 19, 2024",2019,TV-G,5 Seasons,Children & Family Movies,Dark forces emerge as secrets long buried finally come to light in this thrilling drama.
s268,Movie,The Lost Heart,Yorgos Lanthimos,"Timothée Chalamet, Margot Robbie, Shah Rukh Khan",Canada,"December 12, 2021",1994,G,110 min,"Anime Series, TV Dramas","A heartwarming story of friendship, love, and perseverance across generations."
s269,Movie,The Infinite Night,Yorgos Lanthimos,"Margot Robbie, Timothée Chalamet, Gong Yoo, Priyanka Chopra",,"June 26, 2017",2017,NC-17,177 min,"International Movies, TV Dramas","In a race against time, a dedicated team unravels a mystery that threatens everything."
s270,Movie,The Crimson Truth,Sion Sono,"Viola Davis, Priyanka Chopra, Ana de Armas, Cillian Murphy",Japan,"July 27, 2016",2024,G,103 min,"Action & Adventure, TV Action & Adventure, Dramas","A humorous and insightful look into modern relationships, career ambitions, and daily life."
s271,Movie,The Silent Frontier,Yorgos Lanthimos,"Zendaya, Daniel Kaluuya, Tom Hanks",Germany,"January 19, 2021",2020,PG,116 min,"Horror Movies, Children & Family Movies","When an unexpected event turns their life upside down, an unlikely hero must step up."
s272,Movie,The Fallen Journey,James Cameron,"Marion Cotillard, Leonardo DiCaprio",Italy,"September 03, 2022",2000,PG,127 min,Thrillers,"A heartwarming story of friendship, love, and perseverance across generations."
s273,TV Show,The Hidden Protocol,Steven Spielberg,Zendaya,India,"August 16, 2017",1992,TV-G,2 Seasons,"TV Comedies, Crime TV Shows, Docuseries","In a race against time, a dedicated team unravels a mystery that threatens everything."
s274,TV Show,The Dark Whisper,,"Ana de Armas, Mahershala Ali, Pedro Pascal, Daniel Kaluuya",United Kingdom,"March 31, 2019",2013,TV-Y,6 Seasons,Reality TV,"An in-depth exploration of human emotions, secrets, and the choices that define us."
s275,Movie,The Broken Kingdom,James Cameron,"Margot Robbie, Javier Bardem",Australia,,1998,TV-PG,91 min,Action & Adventure,"A heartwarming story of friendship, love, and perseverance across generations."
s276,Movie,The Secret Night,Denis Villeneuve,Margot Robbie,India,"August 26, 2019",2011,R,131 min,"Docuseries, TV Action & Adventure, Romantic Movies","A heartwarming story of friendship, love, and perseverance across generations."
s277,Movie,The Velvet Empire,Guillermo del Toro,,Australia,"January 22, 2022",2022,PG-13,143 min,Comedies,"When an unexpected event turns their life upside down, an unlikely hero must step up."
s278,Movie,The Eternal Kingdom,James Cameron,"Daniel Kaluuya, Ana de Armas, Leonardo DiCaprio, Pedro Pascal",Japan,"June 06, 2017",2018,TV-PG,131 min,Horror Movies,"A humorous and insightful look into modern relationships, career ambitions, and daily life."
s279,Movie,The Hidden Frontier,Denis Villeneuve,"Dev Patel, Marion Cotillard, Mahershala Ali, Priyanka Chopra",France,"September 09, 2021",1994,G,118 min,"International Movies, Documentaries",A compelling narrative following characters as they navigate challenges in a changing world.
s280,Movie,The Fallen Shadow,Greta Gerwig,"Viola Davis, Priyanka Chopra, Javier Bardem, Cillian Murphy",Italy,"June 09, 2023",1997,R,131 min,"International Movies, Romantic TV Shows, Dramas","A humorous and insightful look into modern relationships, career ambitions, and daily life."
s281,Movie,The Velvet Kingdom,Alfonso Cuarón,"Meryl Streep, Lupita Nyong'o",Canada,"May 28, 2020",2014,TV-MA,145 min,"TV Action & Adventure, Documentaries, International TV Shows","When an unexpected event turns their life upside down, an unlikely hero must step up."
s282,Movie,The Broken Journey,Ridley Scott,"Omar Sy, Gong Yoo, Mahershala Ali, Tom Hanks",,"January 30, 2015",2023,R,136 min,Crime TV Shows,Dark forces emerge as secrets long buried finally come to light in this thrilling drama.
s283,Movie,The Shadow Shadow,David Fincher,,Mexico,"December 06, 2017",2024,TV-14,142 min,"Sci-Fi & Fantasy, Crime TV Shows","A humorous and insightful look into modern relationships, career ambitions, and daily life."
s284,Movie,The Sacred Mirage,Sion Sono,Margot Robbie,Spain,"June 10, 2018",2012,TV-14,164 min,Documentaries,Dark forces emerge as secrets long buried finally come to light in this thrilling drama.
s285,Movie,The Eternal Promise,Bong Joon-ho,"Song Kang-ho, Timothée Chalamet, Omar Sy, Cillian Murphy",Brazil,"May 13, 2019",1990,R,175 min,Docuseries,"A heartwarming story of friendship, love, and perseverance across generations."
s286,Movie,The Golden Storm,Guillermo del Toro,"Denzel Washington, Cillian Murphy",,"June 30, 2019",2023,NC-17,161 min,"Comedies, Thrillers, Docuseries","In a race against time, a dedicated team unravels a mystery that threatens everything."
s287,Movie,The Fallen Truth,Bong Joon-ho,,Germany,"August 06, 2017",2000,PG-13,116 min,Dramas,"When an unexpected event turns their life upside down, an unlikely hero must step up."
s288,Movie,The Endless Dream,David Fincher,"Song Kang-ho, Daniel Kaluuya, Tom Hanks",Brazil,"January 05, 2016",2008,TV-MA,114 min,"Horror Movies, Romantic Movies","In a race against time, a dedicated team unravels a mystery that threatens everything."
s289,TV Show,The Infinite Empire,,"Marion Cotillard, Viola Davis, Omar Sy",Japan,"April 24, 2016",2022,TV-PG,5 Seasons,"Sci-Fi & Fantasy, Anime Series, Crime TV Shows","A heartwarming story of friendship, love, and perseverance across generations."
s290,Movie,The Broken Whisper,Pedro Almodóvar,"Daniel Kaluuya, Leonardo DiCaprio, Javier Bardem",India,"November 05, 2023",2004,G,172 min,"International TV Shows, TV Comedies","A heartwarming story of friendship, love, and perseverance across generations."
s291,Movie,The Endless Legacy,Ridley Scott,,Brazil,"November 08, 2015",2001,TV-PG,110 min,"Romantic Movies, Sci-Fi & Fantasy","When an unexpected event turns their life upside down, an unlikely hero must step up."
s292,TV Show,The Secret Protocol,Guillermo del Toro,Mahershala Ali,Canada,"May 18, 2024",2012,TV-14,1 Season,Action & Adventure,Dark forces emerge as secrets long buried finally come to light in this thrilling drama.
s293,TV Show,The Rising Symphony,,"Meryl Streep, Javier Bardem, Margot Robbie, Cillian Murphy",Australia,"July 03, 2020",2001,TV-Y,3 Seasons,"Horror Movies, International Movies",A compelling narrative following characters as they navigate challenges in a changing world.
s294,Movie,The Velvet Protocol,Takashi Miike,,South Korea,"September 14, 2023",2001,TV-PG,85 min,"Reality TV, Anime Series, TV Dramas",Dark forces emerge as secrets long buried finally come to light in this thrilling drama.
s295,Movie,The Secret Dream,Yorgos Lanthimos,,Australia,"February 05, 2017",2006,G,104 min,"TV Dramas, TV Comedies","When an unexpected event turns their life upside down, an unlikely hero must step up."
s296,Movie,The Secret Shadow,,"Margot Robbie, Song Kang-ho",United Kingdom,"June 16, 2021",2004,R,162 min,"Horror Movies, Romantic TV Shows","In a race against time, a dedicated team unravels a mystery that threatens everything."
s297,TV Show,The Secret Night,Greta Gerwig,"Leonardo DiCaprio, Priyanka Chopra, Gong Yoo",Mexico,"January 30, 2023",2010,TV-Y7,3 Seasons,"Romantic TV Shows, Comedies","In a race against time, a dedicated team unravels a mystery that threatens everything."
s298,Movie,The Eternal Echo,Bong Joon-ho,"Javier Bardem, Ana de Armas",Brazil,"January 18, 2019",2013,NC-17,114 min,International TV Shows,A compelling narrative following characters as they navigate challenges in a changing world.
s299,Movie,The Forgotten Heart,Yorgos Lanthimos,"Ana de Armas, Omar Sy, Priyanka Chopra, Zendaya",France,"June 19, 2020",2018,R,118 min,"Children & Family Movies, Anime Series, International Movies","A humorous and insightful look into modern relationships, career ambitions, and daily life."
s300,Movie,The Shadow Shadow,,"Daniel Kaluuya, Song Kang-ho, Denzel Washington, Priyanka Chopra",France,"April 08, 2018",2007,TV-14,104 min,"TV Comedies, Reality TV","In a race against time, a dedicated team unravels a mystery that threatens everything."
s301,Movie,The Eternal Empire,Greta Gerwig,Dev Patel,Brazil,"November 24, 2015",2003,PG,120 min,Documentaries,A compelling narrative following characters as they navigate challenges in a changing world.
s302,TV Show,The Rising Mirage,,"Marion Cotillard, Zendaya, Denzel Washington",Australia,"May 06, 2022",2014,TV-PG,2 Seasons,Children & Family Movies,"In a race against time, a dedicated team unravels a mystery that threatens everything."
s303,Movie,The Hidden Kingdom,Denis Villeneuve,,,"August 25, 2018",2020,TV-PG,139 min,"Romantic TV Shows, Anime Series","When an unexpected event turns their life upside down, an unlikely hero must step up."
s304,TV Show,The Sacred Horizon,,"Ana de Armas, Pedro Pascal, Daniel Kaluuya",Mexico,"June 22, 2018",2012,TV-Y7,5 Seasons,Action & Adventure,"In a race against time, a dedicated team unravels a mystery that threatens everything."
s305,Movie,The Velvet Storm,Greta Gerwig,"Leonardo DiCaprio, Marion Cotillard",United Kingdom,"April 05, 2020",2024,PG-13,158 min,"Docuseries, Children & Family Movies",A compelling narrative following characters as they navigate challenges in a changing world.
s306,TV Show,The Wild Symphony,,,Canada,"April 15, 2021",2017,TV-Y7,2 Seasons,Crime TV Shows,"A humorous and insightful look into modern relationships, career ambitions, and daily life."
s307,Movie,The Endless Journey,Alfonso Cuarón,Marion Cotillard,Australia,"September 05, 2022",2007,NC-17,153 min,"Romantic TV Shows, Sci-Fi & Fantasy, International TV Shows","When an unexpected event turns their life upside down, an unlikely hero must step up."
s308,TV Show,The Eternal Night,,"Cillian Murphy, Penélope Cruz, Mahershala Ali",Spain,"March 21, 2015",1999,TV-MA,5 Seasons,Thrillers,A compelling narrative following characters as they navigate challenges in a changing world.
s309,Movie,The Hidden Chronicles,Christopher Nolan,Denzel Washington,Spain,"September 18, 2019",2009,TV-PG,117 min,"Comedies, TV Dramas",A compelling narrative following characters as they navigate challenges in a changing world.
s310,TV Show,The Hidden Echo,,"Denzel Washington, Omar Sy, Javier Bardem",Japan,"April 15, 2024",1990,TV-MA,6 Seasons,Crime TV Shows,"A humorous and insightful look into modern relationships, career ambitions, and daily life."
s311,TV Show,The Broken Echo,,,Canada,"August 23, 2022",2009,TV-PG,2 Seasons,"Comedies, Romantic TV Shows, Reality TV",A compelling narrative following characters as they navigate challenges in a changing world.
s312,Movie,The Wild Heart,David Fincher,,Canada,"August 24, 2017",2017,TV-MA,71 min,Sci-Fi & Fantasy,"A heartwarming story of friendship, love, and perseverance across generations."
s313,Movie,The Broken Empire,Steven Spielberg,"Lupita Nyong'o, Javier Bardem, Cillian Murphy, Shah Rukh Khan",India,"August 09, 2020",1995,TV-MA,167 min,"Comedies, TV Action & Adventure, TV Comedies",Dark forces emerge as secrets long buried finally come to light in this thrilling drama.
s314,Movie,The Sacred Promise,Greta Gerwig,"Scarlett Johansson, Timothée Chalamet, Omar Sy",Italy,"December 31, 2024",2018,G,72 min,"Crime TV Shows, TV Comedies, International Movies","An in-depth exploration of human emotions, secrets, and the choices that define us."
s315,TV Show,The Rising Chronicles,,"Lupita Nyong'o, Javier Bardem, Tom Hanks, Daniel Kaluuya",France,"April 02, 2020",2007,TV-Y,5 Seasons,Action & Adventure,"A heartwarming story of friendship, love, and perseverance across generations."
s316,Movie,The Wild Storm,Takashi Miike,"Penélope Cruz, Leonardo DiCaprio",Germany,"January 29, 2017",1991,TV-MA,169 min,"Horror Movies, TV Dramas, Action & Adventure",Dark forces emerge as secrets long buried finally come to light in this thrilling drama.
s317,TV Show,The Midnight Heart,,"Zendaya, Omar Sy, Shah Rukh Khan",France,"August 12, 2018",1997,TV-MA,5 Seasons,"Action & Adventure, Comedies, International Movies","When an unexpected event turns their life upside down, an unlikely hero must step up."
s318,TV Show,The Secret Promise,,,,"May 11, 2019",2021,TV-Y,5 Seasons,"TV Action & Adventure, Sci-Fi & Fantasy, Comedies","An in-depth exploration of human emotions, secrets, and the choices that define us."
s319,Movie,The Golden Empire,Bong Joon-ho,"Denzel Washington, Penélope Cruz, Ana de Armas",Germany,"December 26, 2024",2016,TV-MA,171 min,"Comedies, Sci-Fi & Fantasy, Reality TV",A compelling narrative following characters as they navigate challenges in a changing world.
s320,TV Show,The Wild Journey,Anurag Kashyap,,Canada,"February 15, 2017",2002,TV-Y,6 Seasons,TV Action & Adventure,Dark forces emerge as secrets long buried finally come to light in this thrilling drama.
s321,TV Show,The Sacred Mirage,,,Australia,"February 22, 2020",2017,TV-MA,2 Seasons,Romantic TV Shows,"In a race against time, a dedicated team unravels a mystery that threatens everything."
s322,Movie,The Eternal Mirage,Taika Waititi,"Margot Robbie, Timothée Chalamet, Omar Sy",France,"August 16, 2019",2017,TV-MA,147 min,TV Action & Adventure,"A heartwarming story of friendship, love, and perseverance across generations."
s323,Movie,The Sacred Storm,David Fincher,"Penélope Cruz, Song Kang-ho, Leonardo DiCaprio",Japan,"October 21, 2020",1998,NC-17,70 min,"Horror Movies, Romantic Movies","A humorous and insightful look into modern relationships, career ambitions, and daily life."
s324,Movie,The Endless Mirage,Anurag Kashyap,"Daniel Kaluuya, Shah Rukh Khan, Viola Davis, Meryl Streep",United Kingdom,"February 12, 2019",2005,G,102 min,"Action & Adventure, Crime TV Shows","A heartwarming story of friendship, love, and perseverance across generations."
s325,TV Show,The Golden Whisper,Denis Villeneuve,"Lupita Nyong'o, Daniel Kaluuya, Viola Davis",Japan,"January 24, 2024",2014,TV-MA,1 Season,"TV Comedies, International TV Shows","In a race against time, a dedicated team unravels a mystery that threatens everything."
s326,TV Show,The Lost Legacy,Taika Waititi,,Mexico,"June 02, 2018",2023,TV-MA,3 Seasons,"TV Action & Adventure, International Movies, TV Dramas","A heartwarming story of friendship, love, and perseverance across generations."
s327,TV Show,The Hidden Echo,James Cameron,"Zendaya, Cillian Murphy, Daniel Kaluuya",Canada,"October 26, 2023",2015,TV-14,2 Seasons,"Action & Adventure, Docuseries","A heartwarming story of friendship, love, and perseverance across generations."
s328,TV Show,The Sacred Dream,,"Marion Cotillard, Gong Yoo, Zendaya",Italy,"April 09, 2021",2002,TV-Y7,4 Seasons,"TV Action & Adventure, Romantic Movies, Reality TV","When an unexpected event turns their life upside down, an unlikely hero must step up."
s329,Movie,The Endless Shadow,Ava DuVernay,"Denzel Washington, Viola Davis, Dev Patel, Gong Yoo",France,"November 12, 2018",1991,NC-17,91 min,"Anime Series, International Movies","In a race against time, a dedicated team unravels a mystery that threatens everything."
s330,Movie,The Broken Heart,,"Shah Rukh Khan, Zendaya",India,"August 12, 2015",2005,PG,176 min,"Dramas, TV Dramas",Dark forces emerge as secrets long buried finally come to light in this thrilling drama.
s331,TV Show,The Wild Chronicles,,"Tom Hanks, Pedro Pascal",Canada,"June 01, 2023",2006,TV-Y,4 Seasons,"International Movies, Dramas, Crime TV Shows","A heartwarming story of friendship, love, and perseverance across generations."
s332,TV Show,The Fallen Echo,,,Italy,"January 16, 2018",1993,TV-Y7,6 Seasons,Action & Adventure,"In a race against time, a dedicated team unravels a mystery that threatens everything."
s333,Movie,The Crimson Promise,Christopher Nolan,"Ana de Armas, Song Kang-ho",South Korea,"December 16, 2022",1996,TV-MA,132 min,"Romantic TV Shows, Action & Adventure, Thrillers","When an unexpected event turns their life upside down, an unlikely hero must step up."
s334,Movie,The Frozen Mirage,,,,"June 02, 2018",2011,TV-PG,120 min,"Thrillers, Dramas, TV Comedies",Dark forces emerge as secrets long buried finally come to light in this thrilling drama.
s335,Movie,The Wild Legacy,Anurag Kashyap,"Meryl Streep, Ana de Armas",South Korea,"February 20, 2024",1991,NC-17,98 min,TV Dramas,"In a race against time, a dedicated team unravels a mystery that threatens everything."
s336,Movie,The Golden Dream,Anurag Kashyap,"Ana de Armas, Dev Patel, Scarlett Johansson, Gong Yoo",United Kingdom,"July 03, 2018",2011,TV-PG,139 min,Romantic Movies,Dark forces emerge as secrets long buried finally come to light in this thrilling drama.
s337,Movie,The Sacred Heart,Greta Gerwig,"Lupita Nyong'o, Marion Cotillard",South Korea,"August 21, 2023",1999,PG,110 min,Romantic TV Shows,"A heartwarming story of friendship, love, and perseverance across generations."
s338,TV Show,The Lost Horizon,,Pedro Pascal,,"August 23, 2019",2016,TV-PG,4 Seasons,"Sci-Fi & Fantasy, International Movies, Romantic Movies",A compelling narrative following characters as they navigate challenges in a changing world.
s339,Movie,The Silent Symphony,Taika Waititi,"Cillian Murphy, Daniel Kaluuya",Australia,"September 16, 2022",1991,TV-MA,80 min,"Docuseries, International Movies, Reality TV","A humorous and insightful look into modern relationships, career ambitions, and daily life."
s340,Movie,The Crimson Horizon,James Cameron,"Javier Bardem, Shah Rukh Khan, Priyanka Chopra",United States,"March 03, 2015",2007,TV-14,98 min,"Romantic Movies, TV Action & Adventure, Action & Adventure","When an unexpected event turns their life upside down, an unlikely hero must step up."
s341,TV Show,The Frozen Symphony,,"Penélope Cruz, Scarlett Johansson",Italy,"March 31, 2023",2014,TV-G,3 Seasons,"TV Action & Adventure, Romantic TV Shows","A heartwarming story of friendship, love, and perseverance across generations."
s342,Movie,The Dark Kingdom,Quentin Tarantino,"Penélope Cruz, Meryl Streep, Scarlett Johansson",South Korea,"June 10, 2015",2014,PG-13,94 min,"Anime Series, Crime TV Shows","An in-depth exploration of human emotions, secrets, and the choices that define us."
s343,TV Show,The Wild Chronicles,,"Cillian Murphy, Meryl Streep",United Kingdom,"March 31, 2022",2018,TV-MA,6 Seasons,"Documentaries, Thrillers, International Movies","In a race against time, a dedicated team unravels a mystery that threatens everything."
s344,Movie,The Frozen Empire,Denis Villeneuve,"Daniel Kaluuya, Lupita Nyong'o, Tom Hanks",India,"October 04, 2022",2000,R,81 min,Anime Series,Dark forces emerge as secrets long buried finally come to light in this thrilling drama.
s345,Movie,The Fallen Dream,Anurag Kashyap,"Priyanka Chopra, Song Kang-ho, Omar Sy, Meryl Streep",France,"May 25, 2022",1999,PG,88 min,Comedies,"In a race against time, a dedicated team unravels a mystery that threatens everything."
s346,Movie,The Frozen Truth,,Viola Davis,Canada,,2006,PG-13,128 min,"Docuseries, Romantic TV Shows","A humorous and insightful look into modern relationships, career ambitions, and daily life."
s347,Movie,The Rising Legacy,Bong Joon-ho,"Dev Patel, Javier Bardem, Penélope Cruz, Gong Yoo",Australia,"September 29, 2017",2007,G,76 min,International Movies,A compelling narrative following characters as they navigate challenges in a changing world.
s348,Movie,The Dark Night,Steven Spielberg,"Cillian Murphy, Florence Pugh, Timothée Chalamet, Denzel Washington",,"December 31, 2016",2000,NC-17,148 min,"TV Action & Adventure, Romantic TV Shows, Thrillers","In a race against time, a dedicated team unravels a mystery that threatens everything."
s349,TV Show,The Crimson Echo,,"Timothée Chalamet, Margot Robbie",India,"June 16, 2024",1994,TV-PG,4 Seasons,Documentaries,Dark forces emerge as secrets long buried finally come to light in this thrilling drama.
s350,TV Show,The Shadow Kingdom,,Lupita Nyong'o,United States,"March 08, 2023",2023,TV-MA,4 Seasons,"Children & Family Movies, International TV Shows, TV Dramas","An in-depth exploration of human emotions, secrets, and the choices that define us."
s351,Movie,The Forgotten Valley,Greta Gerwig,"Daniel Kaluuya, Javier Bardem, Marion Cotillard, Pedro Pascal",Spain,"November 28, 2024",2004,NC-17,94 min,Documentaries,A compelling narrative following characters as they navigate challenges in a changing world.
s352,Movie,The Lost Heart,Taika Waititi,"Gong Yoo, Meryl Streep, Timothée Chalamet",Italy,"February 16, 2015",2002,NC-17,102 min,Children & Family Movies,"An in-depth exploration of human emotions, secrets, and the choices that define us."
s353,Movie,The Shadow Empire,Quentin Tarantino,"Timothée Chalamet, Song Kang-ho",Australia,"May 01, 2024",2001,G,112 min,"Docuseries, TV Action & Adventure","A humorous and insightful look into modern relationships, career ambitions, and daily life."
s354,Movie,The Hidden Protocol,Greta Gerwig,"Omar Sy, Timothée Chalamet, Penélope Cruz",South Korea,"August 18, 2015",2023,NC-17,142 min,"TV Dramas, Romantic TV Shows, Dramas","When an unexpected event turns their life upside down, an unlikely hero must step up."
s355,Movie,The Shadow Valley,Martin Scorsese,Mahershala Ali,France,"January 10, 2022",2024,PG,143 min,"Crime TV Shows, Thrillers, Documentaries","A humorous and insightful look into modern relationships, career ambitions, and daily life."
s356,TV Show,The Wild Whisper,Spike Lee,"Denzel Washington, Javier Bardem, Scarlett Johansson",Japan,"May 23, 2018",2001,TV-MA,3 Seasons,Romantic Movies,A compelling narrative following characters as they navigate challenges in a changing world.
s357,Movie,The Silent Protocol,Anurag Kashyap,Tom Hanks,Spain,"November 14, 2020",2009,TV-MA,88 min,Reality TV,Dark forces emerge as secrets long buried finally come to light in this thrilling drama.
s358,TV Show,The Secret Echo,,"Viola Davis, Leonardo DiCaprio, Florence Pugh, Meryl Streep",Australia,"September 27, 2018",2019,TV-MA,1 Season,"Children & Family Movies, Dramas, TV Action & Adventure",Dark forces emerge as secrets long buried finally come to light in this thrilling drama.
s359,TV Show,The Shadow Heart,,"Omar Sy, Timothée Chalamet",Mexico,"September 03, 2016",2000,TV-PG,1 Season,Romantic TV Shows,"A heartwarming story of friendship, love, and perseverance across generations."
s360,Movie,The Sacred Valley,Takashi Miike,"Mahershala Ali, Shah Rukh Khan",Italy,"September 29, 2017",2000,R,109 min,"TV Dramas, Romantic TV Shows, Anime Series",A compelling narrative following characters as they navigate challenges in a changing world.
s361,Movie,The Rising Echo,Quentin Tarantino,"Meryl Streep, Denzel Washington, Gong Yoo",Brazil,"August 24, 2021",2018,TV-MA,109 min,"Romantic Movies, Romantic TV Shows",A compelling narrative following characters as they navigate challenges in a changing world.
s362,TV Show,The Frozen Frontier,,"Viola Davis, Penélope Cruz, Florence Pugh",Brazil,"April 11, 2020",2004,TV-14,2 Seasons,"Sci-Fi & Fantasy, TV Comedies, Crime TV Shows","When an unexpected event turns their life upside down, an unlikely hero must step up."
s363,TV Show,The Shadow Whisper,,,India,"March 04, 2020",2000,TV-PG,3 Seasons,"TV Action & Adventure, International Movies, Reality TV",A compelling narrative following characters as they navigate challenges in a changing world.
s364,Movie,The Lost Whisper,Takashi Miike,,Germany,"August 15, 2021",2016,G,149 min,Romantic TV Shows,"When an unexpected event turns their life upside down, an unlikely hero must step up."
s365,TV Show,The Midnight Journey,,"Gong Yoo, Daniel Kaluuya, Timothée Chalamet, Omar Sy",United Kingdom,"November 16, 2015",2021,TV-MA,5 Seasons,"Anime Series, TV Dramas, Documentaries","A humorous and insightful look into modern relationships, career ambitions, and daily life."
s366,Movie,The Wild Dream,Martin Scorsese,"Viola Davis, Dev Patel, Cillian Murphy, Zendaya",France,"May 28, 2022",1993,R,97 min,TV Action & Adventure,"A humorous and insightful look into modern relationships, career ambitions, and daily life."
s367,Movie,The Silent Night,,Penélope Cruz,South Korea,"January 06, 2020",2002,G,157 min,"Children & Family Movies, TV Action & Adventure","In a race against time, a dedicated team unravels a mystery that threatens everything."
s368,TV Show,The Crimson Journey,,"Marion Cotillard, Song Kang-ho, Shah Rukh Khan, Florence Pugh",Germany,"January 04, 2015",2012,TV-MA,3 Seasons,Horror Movies,"In a race against time, a dedicated team unravels a mystery that threatens everything."
s369,TV Show,The Midnight Whisper,James Cameron,"Gong Yoo, Omar Sy, Tom Hanks",Spain,"March 25, 2021",2014,TV-PG,4 Seasons,Children & Family Movies,"A humorous and insightful look into modern relationships, career ambitions, and daily life."
s370,Movie,The Hidden Empire,Martin Scorsese,,Spain,"July 10, 2016",1995,PG,152 min,"Anime Series, International TV Shows","A heartwarming story of friendship, love, and perseverance across generations."
s371,Movie,The Fallen Shadow,Takashi Miike,"Song Kang-ho, Margot Robbie, Scarlett Johansson",Australia,,2021,G,161 min,"Sci-Fi & Fantasy, International TV Shows, TV Comedies",A compelling narrative following characters as they navigate challenges in a changing world.
s372,TV Show,The Infinite Protocol,Quentin Tarantino,"Javier Bardem, Lupita Nyong'o, Denzel Washington, Shah Rukh Khan",Germany,"June 02, 2023",2007,TV-Y7,5 Seasons,Reality TV,"A heartwarming story of friendship, love, and perseverance across generations."
s373,Movie,The Rising Journey,,"Daniel Kaluuya, Florence Pugh, Cillian Murphy, Meryl Streep",Germany,"April 04, 2020",2019,TV-PG,143 min,"TV Dramas, International TV Shows, TV Comedies","A humorous and insightful look into modern relationships, career ambitions, and daily life."
s374,Movie,The Eternal Echo,,"Pedro Pascal, Florence Pugh, Daniel Kaluuya, Mahershala Ali",Spain,"June 04, 2021",1993,NC-17,173 min,"Dramas, Children & Family Movies, Docuseries",A compelling narrative following characters as they navigate challenges in a changing world.
s375,Movie,The Golden Storm,Spike Lee,Cillian Murphy,Japan,,1997,PG,145 min,"International Movies, Anime Series, TV Comedies","A humorous and insightful look into modern relationships, career ambitions, and daily life."
s376,Movie,The Broken Protocol,Denis Villeneuve,"Meryl Streep, Timothée Chalamet, Denzel Washington, Shah Rukh Khan",United Kingdom,"June 11, 2023",2016,TV-14,100 min,"Anime Series, Thrillers, Romantic Movies","A heartwarming story of friendship, love, and perseverance across generations."
s377,TV Show,The Crimson Echo,Quentin Tarantino,,South Korea,"May 04, 2020",2024,TV-14,4 Seasons,"Crime TV Shows, Docuseries, Sci-Fi & Fantasy","When an unexpected event turns their life upside down, an unlikely hero must step up."
s378,Movie,The Velvet Empire,Ridley Scott,"Song Kang-ho, Dev Patel, Timothée Chalamet",Mexico,"February 03, 2016",2024,TV-MA,178 min,"Sci-Fi & Fantasy, TV Dramas","An in-depth exploration of human emotions, secrets, and the choices that define us."
s379,Movie,The Lost Storm,,"Song Kang-ho, Penélope Cruz, Zendaya, Dev Patel",Brazil,"August 22, 2023",2002,TV-MA,156 min,"Thrillers, TV Dramas, Dramas",Dark forces emerge as secrets long buried finally come to light in this thrilling drama.
s380,Movie,The Golden Empire,Alfonso Cuarón,,Mexico,"June 17, 2017",2008,NC-17,94 min,Dramas,"A heartwarming story of friendship, love, and perseverance across generations."
s381,Movie,The Forgotten Heart,Taika Waititi,,India,"October 12, 2021",1998,TV-14,154 min,"TV Action & Adventure, Thrillers, Documentaries",Dark forces emerge as secrets long buried finally come to light in this thrilling drama.
s382,Movie,The Wild Chronicles,,,Japan,"October 06, 2022",2010,NC-17,90 min,Sci-Fi & Fantasy,"A humorous and insightful look into modern relationships, career ambitions, and daily life."
s383,Movie,The Midnight Whisper,Steven Spielberg,"Mahershala Ali, Priyanka Chopra",Spain,"April 01, 2017",2015,PG,152 min,"Documentaries, International Movies","A heartwarming story of friendship, love, and perseverance across generations."
s384,TV Show,The Secret Symphony,Pedro Almodóvar,"Viola Davis, Meryl Streep",Australia,"September 19, 2023",2018,TV-MA,4 Seasons,Dramas,A compelling narrative following characters as they navigate challenges in a changing world.
s385,Movie,The Endless Night,,"Song Kang-ho, Daniel Kaluuya",,"August 24, 2023",2021,TV-PG,125 min,"Action & Adventure, Romantic TV Shows","When an unexpected event turns their life upside down, an unlikely hero must step up."
s386,Movie,The Rising Promise,Yorgos Lanthimos,"Margot Robbie, Timothée Chalamet, Dev Patel, Florence Pugh",Mexico,"April 04, 2022",1995,TV-MA,138 min,"Action & Adventure, Anime Series","A humorous and insightful look into modern relationships, career ambitions, and daily life."
s387,TV Show,The Secret Horizon,,"Dev Patel, Tom Hanks, Florence Pugh",India,"January 11, 2019",2021,TV-MA,6 Seasons,"Romantic Movies, International Movies",A compelling narrative following characters as they navigate challenges in a changing world.
s388,Movie,The Infinite Legacy,Sion Sono,"Denzel Washington, Omar Sy, Ana de Armas",Germany,"February 08, 2024",2018,PG-13,74 min,"Comedies, TV Dramas","A humorous and insightful look into modern relationships, career ambitions, and daily life."
s389,TV Show,The Midnight Promise,,"Penélope Cruz, Dev Patel, Omar Sy, Shah Rukh Khan",Canada,"June 01, 2015",1999,TV-Y7,6 Seasons,Docuseries,"A heartwarming story of friendship, love, and perseverance across generations."
s390,Movie,The Hidden Empire,Denis Villeneuve,,Italy,"November 08, 2021",2000,R,174 min,Documentaries,"In a race against time, a dedicated team unravels a mystery that threatens everything."
s391,Movie,The Forgotten Legacy,Martin Scorsese,Gong Yoo,Brazil,"August 21, 2018",1997,PG,111 min,Comedies,"A heartwarming story of friendship, love, and perseverance across generations."
s392,Movie,The Golden Promise,Spike Lee,Zendaya,Brazil,"November 06, 2016",2018,G,144 min,International Movies,A compelling narrative following characters as they navigate challenges in a changing world.
s393,TV Show,The Forgotten Dream,Christopher Nolan,"Denzel Washington, Leonardo DiCaprio, Priyanka Chopra",Brazil,"December 11, 2024",2008,TV-Y7,6 Seasons,"International Movies, Romantic Movies","When an unexpected event turns their life upside down, an unlikely hero must step up."
s394,Movie,The Fallen Chronicles,Alfonso Cuarón,Priyanka Chopra,United States,"January 16, 2023",2021,R,150 min,"TV Comedies, International TV Shows",A compelling narrative following characters as they navigate challenges in a changing world.
s395,Movie,The Secret Promise,Anurag Kashyap,,Italy,"September 09, 2020",2004,TV-PG,168 min,"Romantic Movies, Sci-Fi & Fantasy, Comedies","When an unexpected event turns their life upside down, an unlikely hero must step up."
s396,Movie,The Hidden Protocol,Sion Sono,Priyanka Chopra,United States,"January 31, 2019",2008,G,125 min,"TV Dramas, Anime Series",A compelling narrative following characters as they navigate challenges in a changing world.
s397,Movie,The Dark Mirage,Denis Villeneuve,Leonardo DiCaprio,India,"August 21, 2017",2018,TV-MA,123 min,TV Dramas,"When an unexpected event turns their life upside down, an unlikely hero must step up."
s398,TV Show,The Shadow Legacy,,"Tom Hanks, Song Kang-ho, Scarlett Johansson",Australia,"December 26, 2024",2017,TV-14,2 Seasons,"Anime Series, Thrillers, Crime TV Shows","An in-depth exploration of human emotions, secrets, and the choices that define us."
s399,Movie,The Secret Valley,Spike Lee,Timothée Chalamet,Brazil,"February 23, 2018",1998,R,179 min,"Anime Series, International TV Shows","When an unexpected event turns their life upside down, an unlikely hero must step up."
s400,TV Show,The Broken Truth,,"Priyanka Chopra, Daniel Kaluuya, Omar Sy, Scarlett Johansson",Germany,"June 05, 2017",2020,TV-Y7,3 Seasons,International TV Shows,Dark forces emerge as secrets long buried finally come to light in this thrilling drama.
s401,TV Show,The Broken Whisper,,Daniel Kaluuya,Australia,"September 08, 2019",1992,TV-MA,4 Seasons,"Reality TV, Comedies, International TV Shows","A heartwarming story of friendship, love, and perseverance across generations."
s402,Movie,The Lost Chronicles,Sion Sono,Denzel Washington,United States,"July 24, 2019",2003,PG,115 min,"Horror Movies, Action & Adventure",A compelling narrative following characters as they navigate challenges in a changing world.
s403,Movie,The Wild Horizon,,"Daniel Kaluuya, Pedro Pascal, Leonardo DiCaprio",Spain,"October 20, 2024",2015,PG,171 min,"Anime Series, Dramas","A humorous and insightful look into modern relationships, career ambitions, and daily life."
s404,Movie,The Midnight Whisper,Anurag Kashyap,,Italy,"November 13, 2021",2024,G,170 min,"Action & Adventure, TV Dramas, Comedies","A heartwarming story of friendship, love, and perseverance across generations."
s405,TV Show,The Crimson Echo,,"Penélope Cruz, Cillian Murphy",,"April 08, 2022",1994,TV-Y,6 Seasons,International Movies,"An in-depth exploration of human emotions, secrets, and the choices that define us."
s406,Movie,The Lost Protocol,Yorgos Lanthimos,Zendaya,Canada,"December 31, 2017",2022,TV-14,105 min,Action & Adventure,"An in-depth exploration of human emotions, secrets, and the choices that define us."
s407,Movie,The Rising Kingdom,Anurag Kashyap,,Germany,"December 22, 2020",2008,TV-PG,149 min,"Action & Adventure, Romantic Movies","In a race against time, a dedicated team unravels a mystery that threatens everything."
s408,Movie,The Midnight Horizon,Ridley Scott,,Japan,"August 29, 2016",2021,PG,96 min,"Dramas, Children & Family Movies, International TV Shows",Dark forces emerge as secrets long buried finally come to light in this thrilling drama.
s409,Movie,The Hidden Protocol,David Fincher,"Penélope Cruz, Pedro Pascal, Ana de Armas",,"April 01, 2015",2004,TV-MA,122 min,"TV Dramas, TV Action & Adventure, Docuseries","A heartwarming story of friendship, love, and perseverance across generations."
s410,Movie,The Fallen Mirage,Pedro Almodóvar,"Florence Pugh, Daniel Kaluuya, Shah Rukh Khan",Japan,"November 30, 2017",2004,TV-PG,117 min,"Comedies, International Movies","An in-depth exploration of human emotions, secrets, and the choices that define us."
s411,Movie,The Eternal Symphony,Denis Villeneuve,"Florence Pugh, Priyanka Chopra, Lupita Nyong'o, Dev Patel",United Kingdom,"June 18, 2015",2010,PG,126 min,"TV Comedies, Thrillers","When an unexpected event turns their life upside down, an unlikely hero must step up."
s412,Movie,The Dark Whisper,David Fincher,Margot Robbie,United Kingdom,"May 12, 2016",1991,TV-14,133 min,Anime Series,"An in-depth exploration of human emotions, secrets, and the choices that define us."
s413,Movie,The Sacred Kingdom,Ava DuVernay,"Javier Bardem, Florence Pugh",Italy,"June 07, 2021",1999,TV-PG,113 min,"Documentaries, Docuseries, Comedies","When an unexpected event turns their life upside down, an unlikely hero must step up."
s414,Movie,The Lost Truth,Christopher Nolan,"Cillian Murphy, Scarlett Johansson, Penélope Cruz",France,"March 11, 2022",2002,G,170 min,"Romantic Movies, Dramas",A compelling narrative following characters as they navigate challenges in a changing world.
s415,Movie,The Frozen Journey,Anurag Kashyap,"Tom Hanks, Javier Bardem, Timothée Chalamet",Germany,"June 24, 2022",2013,TV-14,88 min,"International TV Shows, TV Comedies, Crime TV Shows","An in-depth exploration of human emotions, secrets, and the choices that define us."
s416,Movie,The Crimson Valley,Ridley Scott,"Omar Sy, Denzel Washington, Tom Hanks",Spain,"August 30, 2019",2018,NC-17,90 min,"International TV Shows, TV Action & Adventure, International Movies","A humorous and insightful look into modern relationships, career ambitions, and daily life."
s417,Movie,The Golden Night,Bong Joon-ho,"Javier Bardem, Marion Cotillard",India,"August 16, 2021",2014,R,70 min,"Sci-Fi & Fantasy, International TV Shows","When an unexpected event turns their life upside down, an unlikely hero must step up."
s418,Movie,The Infinite Night,Bong Joon-ho,Song Kang-ho,Spain,"April 07, 2024",2009,NC-17,133 min,"Anime Series, Horror Movies, Dramas","A humorous and insightful look into modern relationships, career ambitions, and daily life."
s419,Movie,The Endless Truth,,"Viola Davis, Ana de Armas, Dev Patel",South Korea,"September 18, 2022",2005,PG-13,85 min,"Docuseries, Action & Adventure","A heartwarming story of friendship, love, and perseverance across generations."
s420,TV Show,The Infinite Protocol,,"Ana de Armas, Dev Patel",Brazil,"March 09, 2019",2022,TV-G,5 Seasons,Sci-Fi & Fantasy,"When an unexpected event turns their life upside down, an unlikely hero must step up."
s421,Movie,The Hidden Whisper,Pedro Almodóvar,Margot Robbie,Japan,"February 19, 2022",2012,PG-13,107 min,"Reality TV, Action & Adventure","A heartwarming story of friendship, love, and perseverance across generations."
s422,Movie,The Eternal Promise,Taika Waititi,Omar Sy,France,"September 06, 2022",2009,NC-17,157 min,"TV Comedies, Documentaries, TV Action & Adventure","A humorous and insightful look into modern relationships, career ambitions, and daily life."
s423,Movie,The Hidden Kingdom,Ridley Scott,"Zendaya, Javier Bardem",United Kingdom,"September 25, 2016",2022,G,176 min,Romantic TV Shows,"A heartwarming story of friendship, love, and perseverance across generations."
s424,TV Show,The Fallen Mirage,,,India,"June 21, 2016",1991,TV-Y7,3 Seasons,"TV Comedies, International Movies","A humorous and insightful look into modern relationships, career ambitions, and daily life."
s425,Movie,The Forgotten Kingdom,Ava DuVernay,Lupita Nyong'o,Brazil,"June 29, 2017",1998,PG,158 min,Children & Family Movies,"When an unexpected event turns their life upside down, an unlikely hero must step up."
s426,Movie,The Golden Shadow,,,Italy,"November 02, 2019",1992,G,83 min,Reality TV,"A heartwarming story of friendship, love, and perseverance across generations."
s427,Movie,The Lost Storm,Steven Spielberg,,United States,"October 10, 2023",1997,G,145 min,Thrillers,Dark forces emerge as secrets long buried finally come to light in this thrilling drama.
s428,Movie,The Golden Night,Spike Lee,"Margot Robbie, Priyanka Chopra, Marion Cotillard, Zendaya",Canada,"October 07, 2015",1996,PG-13,137 min,Romantic Movies,"An in-depth exploration of human emotions, secrets, and the choices that define us."
s429,Movie,The Sacred Empire,Quentin Tarantino,Marion Cotillard,Spain,"August 11, 2021",2001,TV-PG,156 min,Thrillers,"A humorous and insightful look into modern relationships, career ambitions, and daily life."
s430,Movie,The Midnight Shadow,Bong Joon-ho,"Scarlett Johansson, Gong Yoo, Viola Davis, Zendaya",India,"October 29, 2020",1998,TV-PG,167 min,"Children & Family Movies, Romantic TV Shows",Dark forces emerge as secrets long buried finally come to light in this thrilling drama.
s431,Movie,The Shadow Protocol,Quentin Tarantino,"Florence Pugh, Penélope Cruz, Cillian Murphy",Mexico,"December 24, 2019",2004,TV-14,107 min,"Romantic Movies, Action & Adventure","A humorous and insightful look into modern relationships, career ambitions, and daily life."
s432,TV Show,The Crimson Horizon,,"Dev Patel, Viola Davis, Song Kang-ho",Mexico,"May 03, 2016",1999,TV-Y7,4 Seasons,"TV Action & Adventure, Documentaries, Thrillers",A compelling narrative following characters as they navigate challenges in a changing world.
s433,Movie,The Secret Whisper,Bong Joon-ho,"Song Kang-ho, Viola Davis, Scarlett Johansson, Gong Yoo",Japan,"August 04, 2023",2007,TV-14,115 min,"Crime TV Shows, Docuseries","A heartwarming story of friendship, love, and perseverance across generations."
s434,Movie,The Frozen Promise,Quentin Tarantino,"Javier Bardem, Scarlett Johansson",United Kingdom,"April 11, 2023",1993,R,133 min,"Dramas, Thrillers, Crime TV Shows","A heartwarming story of friendship, love, and perseverance across generations."
s435,Movie,The Hidden Truth,Taika Waititi,"Viola Davis, Zendaya, Denzel Washington, Dev Patel",Italy,"March 23, 2020",2002,NC-17,154 min,"Docuseries, Reality TV","An in-depth exploration of human emotions, secrets, and the choices that define us."
s436,Movie,The Sacred Mirage,Christopher Nolan,,India,"July 12, 2018",2014,TV-PG,128 min,Comedies,"When an unexpected event turns their life upside down, an unlikely hero must step up."
s437,Movie,The Wild Horizon,Sion Sono,"Shah Rukh Khan, Florence Pugh, Lupita Nyong'o",Italy,"July 27, 2022",2021,TV-PG,130 min,"Thrillers, Reality TV, Comedies","In a race against time, a dedicated team unravels a mystery that threatens everything."
s438,Movie,The Infinite Dream,Taika Waititi,"Zendaya, Florence Pugh",United States,"June 09, 2016",2013,TV-MA,173 min,"TV Action & Adventure, Dramas, TV Dramas","In a race against time, a dedicated team unravels a mystery that threatens everything."
s439,Movie,The Crimson Valley,Alfonso Cuarón,"Meryl Streep, Dev Patel",Canada,"August 24, 2021",1995,R,109 min,TV Dramas,"When an unexpected event turns their life upside down, an unlikely hero must step up."
s440,Movie,The Shadow Echo,Pedro Almodóvar,"Daniel Kaluuya, Marion Cotillard, Gong Yoo",Brazil,"April 02, 2015",2010,TV-14,143 min,"TV Dramas, Documentaries","A humorous and insightful look into modern relationships, career ambitions, and daily life."
s441,Movie,The Secret Whisper,Sion Sono,"Zendaya, Dev Patel, Timothée Chalamet, Priyanka Chopra",France,"April 06, 2017",2021,R,177 min,"Romantic Movies, Children & Family Movies, Sci-Fi & Fantasy",A compelling narrative following characters as they navigate challenges in a changing world.
s442,Movie,The Infinite Dream,Guillermo del Toro,"Pedro Pascal, Denzel Washington, Lupita Nyong'o, Daniel Kaluuya",France,"May 09, 2021",2023,TV-PG,124 min,TV Comedies,"A humorous and insightful look into modern relationships, career ambitions, and daily life."
s443,Movie,The Wild Kingdom,Ridley Scott,"Dev Patel, Omar Sy, Timothée Chalamet",South Korea,"October 11, 2020",2019,PG,72 min,"Reality TV, Thrillers, Docuseries","When an unexpected event turns their life upside down, an unlikely hero must step up."
s444,Movie,The Frozen Storm,,"Cillian Murphy, Zendaya, Gong Yoo, Daniel Kaluuya",United States,"February 01, 2019",2019,PG,100 min,Children & Family Movies,"A humorous and insightful look into modern relationships, career ambitions, and daily life."
s445,Movie,The Shadow Journey,,Gong Yoo,Japan,"November 16, 2017",2005,TV-14,100 min,International Movies,"When an unexpected event turns their life upside down, an unlikely hero must step up."
s446,Movie,The Wild Chronicles,Sion Sono,"Gong Yoo, Ana de Armas, Meryl Streep, Tom Hanks",United Kingdom,"November 09, 2023",2007,PG,152 min,Docuseries,"A humorous and insightful look into modern relationships, career ambitions, and daily life."
s447,Movie,The Golden Whisper,Taika Waititi,"Denzel Washington, Gong Yoo",Mexico,"January 05, 2016",2015,PG,100 min,TV Action & Adventure,Dark forces emerge as secrets long buried finally come to light in this thrilling drama.
s448,Movie,The Lost Kingdom,,"Zendaya, Marion Cotillard, Mahershala Ali, Javier Bardem",Canada,"September 02, 2023",2010,TV-MA,176 min,"Crime TV Shows, Horror Movies, International TV Shows","When an unexpected event turns their life upside down, an unlikely hero must step up."
s449,Movie,The Eternal Heart,Spike Lee,"Gong Yoo, Mahershala Ali, Daniel Kaluuya",Germany,"April 07, 2016",2010,TV-14,130 min,"Horror Movies, Sci-Fi & Fantasy, International Movies","An in-depth exploration of human emotions, secrets, and the choices that define us."
s450,Movie,The Crimson Truth,Christopher Nolan,"Meryl Streep, Pedro Pascal, Dev Patel, Lupita Nyong'o",Mexico,"March 13, 2021",2014,NC-17,151 min,"TV Comedies, Documentaries, Horror Movies","A humorous and insightful look into modern relationships, career ambitions, and daily life."
s451,Movie,The Silent Dream,Spike Lee,"Denzel Washington, Zendaya",Canada,"October 18, 2016",2018,TV-MA,173 min,"International TV Shows, Comedies, Sci-Fi & Fantasy","A humorous and insightful look into modern relationships, career ambitions, and daily life."
s452,Movie,The Rising Protocol,Alfonso Cuarón,"Lupita Nyong'o, Gong Yoo",India,"October 31, 2022",2006,R,115 min,"Romantic TV Shows, TV Dramas","In a race against time, a dedicated team unravels a mystery that threatens everything."
s453,TV Show,The Dark Horizon,,Leonardo DiCaprio,Mexico,"June 16, 2021",1995,TV-MA,2 Seasons,Reality TV,Dark forces emerge as secrets long buried finally come to light in this thrilling drama.
s454,TV Show,The Hidden Symphony,Ava DuVernay,"Javier Bardem, Pedro Pascal, Shah Rukh Khan",Mexico,"September 03, 2018",2008,TV-14,1 Season,"TV Comedies, Thrillers","In a race against time, a dedicated team unravels a mystery that threatens everything."
s455,TV Show,The Infinite Legacy,,,Mexico,"July 25, 2017",1995,TV-Y7,2 Seasons,"Thrillers, Comedies","In a race against time, a dedicated team unravels a mystery that threatens everything."
s456,Movie,The Forgotten Storm,Greta Gerwig,,United Kingdom,"April 25, 2016",1990,TV-14,168 min,"Docuseries, Documentaries","When an unexpected event turns their life upside down, an unlikely hero must step up."
s457,TV Show,The Secret Storm,,"Song Kang-ho, Shah Rukh Khan, Gong Yoo",Australia,"March 29, 2024",2008,TV-G,6 Seasons,International TV Shows,"When an unexpected event turns their life upside down, an unlikely hero must step up."
s458,Movie,The Hidden Empire,Ridley Scott,"Scarlett Johansson, Cillian Murphy",Canada,"September 03, 2022",2019,R,71 min,"International Movies, TV Dramas",Dark forces emerge as secrets long buried finally come to light in this thrilling drama.
s459,Movie,The Secret Dream,,"Pedro Pascal, Cillian Murphy, Mahershala Ali",Germany,"September 25, 2018",2005,TV-PG,115 min,"Comedies, Dramas, Sci-Fi & Fantasy","A heartwarming story of friendship, love, and perseverance across generations."
s460,Movie,The Wild Dream,,"Shah Rukh Khan, Omar Sy",,"November 26, 2016",2022,TV-PG,113 min,"International Movies, Action & Adventure","An in-depth exploration of human emotions, secrets, and the choices that define us."
s461,TV Show,The Velvet Night,,"Meryl Streep, Shah Rukh Khan",Japan,"October 28, 2019",2008,TV-PG,5 Seasons,"Reality TV, TV Dramas","In a race against time, a dedicated team unravels a mystery that threatens everything."
s462,TV Show,The Shadow Protocol,Greta Gerwig,"Dev Patel, Ana de Armas, Penélope Cruz, Meryl Streep",United States,"May 27, 2015",2020,TV-PG,2 Seasons,"Anime Series, International TV Shows, Documentaries","In a race against time, a dedicated team unravels a mystery that threatens everything."
s463,Movie,The Crimson Mirage,Sion Sono,"Javier Bardem, Viola Davis, Pedro Pascal",India,"April 14, 2017",2008,PG,176 min,Reality TV,"A humorous and insightful look into modern relationships, career ambitions, and daily life."
s464,Movie,The Infinite Heart,Yorgos Lanthimos,,Australia,"November 11, 2015",2005,TV-PG,156 min,TV Dramas,A compelling narrative following characters as they navigate challenges in a changing world.
s465,Movie,The Lost Dream,David Fincher,"Viola Davis, Timothée Chalamet, Shah Rukh Khan, Leonardo DiCaprio",Brazil,"February 03, 2020",2007,PG-13,112 min,Anime Series,"An in-depth exploration of human emotions, secrets, and the choices that define us."
s466,TV Show,The Infinite Night,,,Japan,"August 16, 2015",1994,TV-Y,5 Seasons,"Action & Adventure, Crime TV Shows","An in-depth exploration of human emotions, secrets, and the choices that define us."
s467,Movie,The Midnight Journey,Christopher Nolan,Priyanka Chopra,South Korea,"June 10, 2023",1999,R,108 min,"International TV Shows, Children & Family Movies",Dark forces emerge as secrets long buried finally come to light in this thrilling drama.
s468,Movie,The Crimson Promise,David Fincher,"Tom Hanks, Javier Bardem, Penélope Cruz, Song Kang-ho",Australia,"January 05, 2016",2017,TV-MA,148 min,International TV Shows,Dark forces emerge as secrets long buried finally come to light in this thrilling drama.
s469,Movie,The Dark Kingdom,Ava DuVernay,"Dev Patel, Scarlett Johansson, Ana de Armas",United Kingdom,"November 29, 2020",2023,R,107 min,"International TV Shows, Action & Adventure","A humorous and insightful look into modern relationships, career ambitions, and daily life."
s470,Movie,The Hidden Night,,"Scarlett Johansson, Marion Cotillard",Australia,"November 10, 2015",1992,R,135 min,"International TV Shows, Documentaries","In a race against time, a dedicated team unravels a mystery that threatens everything."
s471,Movie,The Infinite Storm,David Fincher,"Daniel Kaluuya, Denzel Washington",United States,"June 02, 2022",2019,PG,170 min,Crime TV Shows,A compelling narrative following characters as they navigate challenges in a changing world.
s472,Movie,The Wild Whisper,Yorgos Lanthimos,"Zendaya, Dev Patel, Penélope Cruz",Japan,"October 09, 2024",2001,G,93 min,Sci-Fi & Fantasy,"A humorous and insightful look into modern relationships, career ambitions, and daily life."
s473,Movie,The Velvet Mirage,Christopher Nolan,,United States,"May 08, 2020",2019,TV-14,154 min,"Docuseries, Children & Family Movies, TV Comedies",Dark forces emerge as secrets long buried finally come to light in this thrilling drama.
s474,Movie,The Midnight Truth,Martin Scorsese,Shah Rukh Khan,,"March 07, 2015",2002,PG-13,96 min,"International Movies, Horror Movies","In a race against time, a dedicated team unravels a mystery that threatens everything."
s475,TV Show,The Sacred Heart,,"Shah Rukh Khan, Javier Bardem, Gong Yoo",,"September 16, 2016",2018,TV-Y7,4 Seasons,Anime Series,"A heartwarming story of friendship, love, and perseverance across generations."
s476,Movie,The Wild Frontier,James Cameron,,India,"December 30, 2022",2017,TV-14,178 min,"TV Action & Adventure, Romantic TV Shows","An in-depth exploration of human emotions, secrets, and the choices that define us."
s477,Movie,The Midnight Protocol,Anurag Kashyap,"Pedro Pascal, Cillian Murphy, Dev Patel, Javier Bardem",United States,"September 25, 2019",2010,R,104 min,"International TV Shows, Docuseries, Documentaries","In a race against time, a dedicated team unravels a mystery that threatens everything."
s478,Movie,The Crimson Chronicles,,"Leonardo DiCaprio, Priyanka Chopra, Florence Pugh",Spain,"August 08, 2017",2022,G,145 min,"TV Dramas, Anime Series, International Movies","An in-depth exploration of human emotions, secrets, and the choices that define us."
s479,TV Show,The Midnight Shadow,,"Javier Bardem, Priyanka Chopra",Japan,"December 20, 2015",2020,TV-14,2 Seasons,Thrillers,"A heartwarming story of friendship, love, and perseverance across generations."
s480,Movie,The Velvet Protocol,Ridley Scott,Tom Hanks,United States,"December 04, 2017",2012,PG,92 min,"Comedies, Action & Adventure, TV Dramas","In a race against time, a dedicated team unravels a mystery that threatens everything."
s481,Movie,The Broken Promise,Takashi Miike,Javier Bardem,France,"August 18, 2023",1992,NC-17,89 min,"Reality TV, Documentaries, Comedies","In a race against time, a dedicated team unravels a mystery that threatens everything."
s482,TV Show,The Lost Promise,Taika Waititi,,United States,"November 15, 2016",1997,TV-14,3 Seasons,Children & Family Movies,Dark forces emerge as secrets long buried finally come to light in this thrilling drama.
s483,Movie,The Fallen Protocol,Quentin Tarantino,Ana de Armas,United Kingdom,"April 06, 2017",2018,TV-14,168 min,Horror Movies,"A humorous and insightful look into modern relationships, career ambitions, and daily life."
s484,TV Show,The Shadow Truth,,,Brazil,"January 17, 2019",2005,TV-14,5 Seasons,"Horror Movies, International Movies","A humorous and insightful look into modern relationships, career ambitions, and daily life."
s485,Movie,The Velvet Chronicles,Anurag Kashyap,"Leonardo DiCaprio, Penélope Cruz",United States,"October 20, 2020",1994,R,113 min,"Crime TV Shows, Thrillers","In a race against time, a dedicated team unravels a mystery that threatens everything."
s486,Movie,The Dark Night,Yorgos Lanthimos,,Brazil,"October 27, 2024",2023,NC-17,123 min,"Romantic TV Shows, Children & Family Movies",Dark forces emerge as secrets long buried finally come to light in this thrilling drama.
s487,TV Show,The Crimson Empire,Anurag Kashyap,"Shah Rukh Khan, Lupita Nyong'o, Song Kang-ho, Penélope Cruz",Germany,"December 07, 2021",2018,TV-G,3 Seasons,"Crime TV Shows, Romantic Movies, Children & Family Movies",A compelling narrative following characters as they navigate challenges in a changing world.
s488,Movie,The Shadow Dream,Greta Gerwig,"Omar Sy, Florence Pugh, Tom Hanks, Denzel Washington",Japan,"June 28, 2023",2000,PG-13,73 min,"TV Action & Adventure, Sci-Fi & Fantasy, Horror Movies","A humorous and insightful look into modern relationships, career ambitions, and daily life."
s489,TV Show,The Velvet Kingdom,,,Japan,"December 22, 2018",1997,TV-MA,6 Seasons,Anime Series,"An in-depth exploration of human emotions, secrets, and the choices that define us."
s490,Movie,The Silent Chronicles,Ava DuVernay,Pedro Pascal,Australia,"January 15, 2022",2024,G,114 min,"Children & Family Movies, International Movies",Dark forces emerge as secrets long buried finally come to light in this thrilling drama.
s491,Movie,The Broken Promise,Ava DuVernay,"Daniel Kaluuya, Tom Hanks, Zendaya, Margot Robbie",United Kingdom,"April 16, 2024",2016,R,81 min,International TV Shows,"When an unexpected event turns their life upside down, an unlikely hero must step up."
s492,Movie,The Frozen Journey,David Fincher,"Song Kang-ho, Daniel Kaluuya, Omar Sy, Marion Cotillard",Japan,"February 19, 2022",2017,TV-PG,158 min,"International TV Shows, Thrillers","When an unexpected event turns their life upside down, an unlikely hero must step up."
s493,Movie,The Rising Chronicles,Greta Gerwig,"Marion Cotillard, Viola Davis, Lupita Nyong'o, Tom Hanks",United States,"April 08, 2021",2013,R,147 min,"Documentaries, TV Action & Adventure","An in-depth exploration of human emotions, secrets, and the choices that define us."
s494,Movie,The Dark Kingdom,Greta Gerwig,,France,"June 13, 2020",1991,PG,88 min,"International TV Shows, Comedies, Children & Family Movies","An in-depth exploration of human emotions, secrets, and the choices that define us."
s495,Movie,The Rising Empire,Quentin Tarantino,"Margot Robbie, Denzel Washington, Meryl Streep, Gong Yoo",Japan,"October 15, 2018",2014,TV-PG,176 min,"International Movies, TV Action & Adventure, Reality TV",Dark forces emerge as secrets long buried finally come to light in this thrilling drama.
s496,Movie,The Frozen Chronicles,Greta Gerwig,"Denzel Washington, Cillian Murphy",South Korea,"June 08, 2019",2011,PG-13,155 min,"Sci-Fi & Fantasy, Action & Adventure","A humorous and insightful look into modern relationships, career ambitions, and daily life."
s497,Movie,The Silent Frontier,,"Omar Sy, Ana de Armas",Germany,"December 09, 2021",2024,PG-13,142 min,"Romantic Movies, Docuseries, Reality TV",A compelling narrative following characters as they navigate challenges in a changing world.
s498,Movie,The Sacred Horizon,Christopher Nolan,"Tom Hanks, Scarlett Johansson",Australia,"January 19, 2024",2024,TV-MA,121 min,"Comedies, Docuseries, Dramas","An in-depth exploration of human emotions, secrets, and the choices that define us."
s499,Movie,The Velvet Empire,Anurag Kashyap,"Song Kang-ho, Mahershala Ali",India,"March 14, 2018",1999,PG,102 min,International Movies,"An in-depth exploration of human emotions, secrets, and the choices that define us."
s500,TV Show,The Eternal Echo,Ava DuVernay,Leonardo DiCaprio,Japan,"August 03, 2018",1999,TV-Y7,3 Seasons,"Crime TV Shows, Documentaries",A compelling narrative following characters as they navigate challenges in a changing world.
s501,Movie,The Forgotten Frontier,Guillermo del Toro,"Marion Cotillard, Zendaya, Song Kang-ho",Japan,"March 18, 2020",2016,R,131 min,International TV Shows,Dark forces emerge as secrets long buried finally come to light in this thrilling drama.
s502,Movie,The Silent Storm,Takashi Miike,"Dev Patel, Viola Davis, Scarlett Johansson, Zendaya",Italy,"May 16, 2021",2016,TV-PG,80 min,"Reality TV, Romantic Movies, International Movies","An in-depth exploration of human emotions, secrets, and the choices that define us."
s503,Movie,The Eternal Legacy,Takashi Miike,"Omar Sy, Penélope Cruz, Meryl Streep",,"April 20, 2024",2008,PG,70 min,Docuseries,"An in-depth exploration of human emotions, secrets, and the choices that define us."
s504,Movie,The Midnight Valley,,Daniel Kaluuya,Japan,"April 16, 2023",2024,R,108 min,Crime TV Shows,Dark forces emerge as secrets long buried finally come to light in this thrilling drama.
s505,Movie,The Hidden Mirage,Spike Lee,"Tom Hanks, Cillian Murphy, Marion Cotillard",France,"November 04, 2018",2006,TV-PG,104 min,TV Dramas,"An in-depth exploration of human emotions, secrets, and the choices that define us."
s506,Movie,The Forgotten Whisper,Christopher Nolan,Ana de Armas,Australia,"February 09, 2015",2001,TV-14,141 min,"Docuseries, Crime TV Shows, Action & Adventure","A humorous and insightful look into modern relationships, career ambitions, and daily life."
s507,TV Show,The Golden Mirage,,"Dev Patel, Viola Davis, Margot Robbie",South Korea,"January 06, 2019",2014,TV-14,6 Seasons,Documentaries,"In a race against time, a dedicated team unravels a mystery that threatens everything."
s508,Movie,The Secret Chronicles,Christopher Nolan,Pedro Pascal,,"December 14, 2022",2012,G,81 min,"Children & Family Movies, Horror Movies, Romantic TV Shows","In a race against time, a dedicated team unravels a mystery that threatens everything."
s509,TV Show,The Dark Storm,,"Tom Hanks, Leonardo DiCaprio, Ana de Armas, Song Kang-ho",Japan,"July 16, 2020",2000,TV-Y,2 Seasons,"TV Action & Adventure, Thrillers, Action & Adventure","A heartwarming story of friendship, love, and perseverance across generations."
s510,Movie,The Golden Night,Spike Lee,"Scarlett Johansson, Marion Cotillard, Pedro Pascal, Mahershala Ali",Mexico,"October 09, 2022",2024,NC-17,157 min,"Anime Series, Dramas, International TV Shows",Dark forces emerge as secrets long buried finally come to light in this thrilling drama.
s511,Movie,The Dark Whisper,Alfonso Cuarón,"Mahershala Ali, Viola Davis, Dev Patel",Spain,"July 06, 2023",1992,G,76 min,"International TV Shows, Romantic TV Shows","In a race against time, a dedicated team unravels a mystery that threatens everything."
s512,Movie,The Midnight Heart,Ava DuVernay,,Italy,"April 09, 2023",2004,TV-14,79 min,Romantic Movies,"When an unexpected event turns their life upside down, an unlikely hero must step up."
s513,Movie,The Golden Promise,Christopher Nolan,"Gong Yoo, Leonardo DiCaprio, Daniel Kaluuya",France,"October 09, 2017",1996,TV-PG,100 min,"Comedies, TV Dramas","A heartwarming story of friendship, love, and perseverance across generations."
s514,TV Show,The Golden Symphony,Quentin Tarantino,"Daniel Kaluuya, Viola Davis, Denzel Washington",United States,"December 24, 2024",1994,TV-14,1 Season,"Comedies, Children & Family Movies","A heartwarming story of friendship, love, and perseverance across generations."
s515,Movie,The Golden Promise,,,Japan,"July 04, 2019",1996,TV-14,99 min,"Dramas, Anime Series, Crime TV Shows","In a race against time, a dedicated team unravels a mystery that threatens everything."
s516,TV Show,The Forgotten Symphony,,,France,"March 18, 2016",1996,TV-MA,5 Seasons,"Action & Adventure, Romantic Movies, International Movies",Dark forces emerge as secrets long buried finally come to light in this thrilling drama.
s517,Movie,The Crimson Shadow,Sion Sono,"Penélope Cruz, Priyanka Chopra, Scarlett Johansson, Shah Rukh Khan",United States,"July 22, 2021",2017,TV-MA,109 min,"Romantic TV Shows, International Movies, TV Action & Adventure","In a race against time, a dedicated team unravels a mystery that threatens everything."
s518,Movie,The Shadow Truth,David Fincher,,Mexico,"August 23, 2015",2005,PG-13,124 min,"Romantic Movies, TV Action & Adventure",Dark forces emerge as secrets long buried finally come to light in this thrilling drama.
s519,TV Show,The Golden Whisper,,"Lupita Nyong'o, Penélope Cruz, Cillian Murphy",Australia,"October 06, 2018",2009,TV-Y7,3 Seasons,Documentaries,"In a race against time, a dedicated team unravels a mystery that threatens everything."
s520,TV Show,The Dark Protocol,,,Brazil,"December 30, 2021",2003,TV-14,4 Seasons,"TV Dramas, Crime TV Shows, Romantic Movies","In a race against time, a dedicated team unravels a mystery that threatens everything."
s521,Movie,The Silent Valley,Christopher Nolan,,Germany,"April 05, 2018",2018,G,150 min,"TV Comedies, Comedies, Dramas","When an unexpected event turns their life upside down, an unlikely hero must step up."
s522,Movie,The Eternal Legacy,Spike Lee,Timothée Chalamet,Canada,"March 30, 2015",2001,NC-17,82 min,International Movies,"In a race against time, a dedicated team unravels a mystery that threatens everything."
s523,Movie,The Lost Whisper,Bong Joon-ho,"Penélope Cruz, Scarlett Johansson",France,"November 28, 2020",2017,R,85 min,International Movies,"A humorous and insightful look into modern relationships, career ambitions, and daily life."
s524,Movie,The Sacred Dream,,"Timothée Chalamet, Cillian Murphy",Mexico,"July 09, 2015",2002,NC-17,171 min,TV Dramas,"When an unexpected event turns their life upside down, an unlikely hero must step up."
s525,Movie,The Endless Night,Anurag Kashyap,"Javier Bardem, Tom Hanks, Pedro Pascal, Denzel Washington",Italy,"September 23, 2015",2000,TV-14,166 min,"Reality TV, TV Comedies, Docuseries","A heartwarming story of friendship, love, and perseverance across generations."
s526,Movie,The Shadow Valley,Anurag Kashyap,"Lupita Nyong'o, Javier Bardem, Mahershala Ali",Mexico,"July 19, 2021",1992,G,98 min,Anime Series,"A humorous and insightful look into modern relationships, career ambitions, and daily life."
s527,Movie,The Secret Truth,Alfonso Cuarón,"Daniel Kaluuya, Priyanka Chopra, Margot Robbie",India,"December 11, 2015",2008,TV-PG,136 min,"Horror Movies, Comedies","In a race against time, a dedicated team unravels a mystery that threatens everything."
s528,Movie,The Shadow Shadow,Pedro Almodóvar,"Gong Yoo, Margot Robbie, Javier Bardem",South Korea,"December 15, 2019",2004,NC-17,152 min,TV Comedies,A compelling narrative following characters as they navigate challenges in a changing world.
s529,Movie,The Fallen Kingdom,Takashi Miike,,Canada,"October 20, 2015",2013,PG-13,139 min,TV Dramas,"When an unexpected event turns their life upside down, an unlikely hero must step up."
s530,Movie,The Endless Truth,,"Tom Hanks, Lupita Nyong'o",United Kingdom,"June 09, 2023",2024,NC-17,71 min,"Children & Family Movies, TV Comedies","A humorous and insightful look into modern relationships, career ambitions, and daily life."
s531,TV Show,The Midnight Frontier,Christopher Nolan,"Ana de Armas, Marion Cotillard, Zendaya",South Korea,"February 10, 2023",2003,TV-Y7,2 Seasons,"TV Action & Adventure, Romantic TV Shows, Anime Series",Dark forces emerge as secrets long buried finally come to light in this thrilling drama.
s532,TV Show,The Shadow Journey,,Gong Yoo,Brazil,"December 02, 2019",2018,TV-Y,1 Season,"International Movies, TV Action & Adventure","An in-depth exploration of human emotions, secrets, and the choices that define us."
s533,TV Show,The Silent Protocol,David Fincher,"Scarlett Johansson, Gong Yoo",Italy,"September 25, 2023",2024,TV-PG,3 Seasons,"Dramas, Comedies, International Movies","When an unexpected event turns their life upside down, an unlikely hero must step up."
s534,TV Show,The Shadow Frontier,Taika Waititi,"Daniel Kaluuya, Song Kang-ho, Tom Hanks, Denzel Washington",Canada,"September 08, 2018",2018,TV-G,3 Seasons,Thrillers,A compelling narrative following characters as they navigate challenges in a changing world.
s535,Movie,The Eternal Echo,,"Javier Bardem, Leonardo DiCaprio, Priyanka Chopra, Tom Hanks",South Korea,"August 12, 2017",2008,R,128 min,TV Comedies,"A heartwarming story of friendship, love, and perseverance across generations."
s536,Movie,The Shadow Shadow,James Cameron,Viola Davis,South Korea,"October 09, 2015",2014,G,86 min,Children & Family Movies,"In a race against time, a dedicated team unravels a mystery that threatens everything."
s537,TV Show,The Rising Horizon,Ridley Scott,"Tom Hanks, Marion Cotillard, Lupita Nyong'o, Dev Patel",Canada,,1999,TV-Y7,1 Season,"Horror Movies, Reality TV","An in-depth exploration of human emotions, secrets, and the choices that define us."
s538,TV Show,The Rising Chronicles,,,Japan,"February 13, 2020",2012,TV-G,6 Seasons,"Crime TV Shows, Thrillers","In a race against time, a dedicated team unravels a mystery that threatens everything."
s539,Movie,The Forgotten Shadow,Pedro Almodóvar,"Dev Patel, Priyanka Chopra, Lupita Nyong'o",South Korea,"June 28, 2015",2005,PG,105 min,"Romantic TV Shows, Children & Family Movies, Action & Adventure",Dark forces emerge as secrets long buried finally come to light in this thrilling drama.
s540,TV Show,The Secret Protocol,,"Viola Davis, Margot Robbie, Denzel Washington, Zendaya",Italy,"August 07, 2019",2018,TV-14,3 Seasons,Reality TV,A compelling narrative following characters as they navigate challenges in a changing world.
s541,Movie,The Golden Chronicles,James Cameron,"Pedro Pascal, Song Kang-ho",South Korea,"October 23, 2017",1997,PG,111 min,"Anime Series, Docuseries, TV Action & Adventure",A compelling narrative following characters as they navigate challenges in a changing world.
s542,Movie,The Broken Chronicles,Greta Gerwig,"Mahershala Ali, Priyanka Chopra, Leonardo DiCaprio",United Kingdom,"December 29, 2020",2015,PG,79 min,"Dramas, Sci-Fi & Fantasy, International Movies","In a race against time, a dedicated team unravels a mystery that threatens everything."
s543,Movie,The Secret Echo,,"Tom Hanks, Penélope Cruz, Lupita Nyong'o, Meryl Streep",Italy,"June 06, 2022",1996,TV-14,158 min,"Anime Series, Comedies","A heartwarming story of friendship, love, and perseverance across generations."
s544,Movie,The Midnight Heart,Guillermo del Toro,"Scarlett Johansson, Tom Hanks",South Korea,"March 01, 2015",2011,G,157 min,"Action & Adventure, Horror Movies, Documentaries","A humorous and insightful look into modern relationships, career ambitions, and daily life."
s545,TV Show,The Eternal Horizon,,"Viola Davis, Timothée Chalamet, Omar Sy, Ana de Armas",Canada,"June 07, 2019",2017,TV-MA,2 Seasons,Documentaries,"An in-depth exploration of human emotions, secrets, and the choices that define us."
s546,Movie,The Silent Dream,,"Leonardo DiCaprio, Song Kang-ho",Canada,"February 21, 2024",2007,TV-MA,75 min,Romantic Movies,"In a race against time, a dedicated team unravels a mystery that threatens everything."
s547,Movie,The Forgotten Protocol,Quentin Tarantino,"Daniel Kaluuya, Priyanka Chopra, Mahershala Ali, Viola Davis",Mexico,"August 08, 2022",1998,TV-MA,92 min,"TV Dramas, Docuseries, Action & Adventure","An in-depth exploration of human emotions, secrets, and the choices that define us."
s548,Movie,The Infinite Chronicles,James Cameron,"Ana de Armas, Pedro Pascal, Scarlett Johansson, Marion Cotillard",United States,"November 29, 2021",1997,NC-17,100 min,"International TV Shows, Horror Movies, Action & Adventure",A compelling narrative following characters as they navigate challenges in a changing world.
s549,Movie,The Rising Truth,Bong Joon-ho,Song Kang-ho,United States,"February 18, 2023",2018,TV-MA,87 min,"TV Dramas, Comedies","A heartwarming story of friendship, love, and perseverance across generations."
s550,TV Show,The Velvet Truth,Guillermo del Toro,"Timothée Chalamet, Scarlett Johansson",United States,"June 16, 2022",2005,TV-G,6 Seasons,"Horror Movies, Crime TV Shows, Reality TV","An in-depth exploration of human emotions, secrets, and the choices that define us."
